row_id,stratum,band,pair_key,src_title,src_outcome,src_category,src_copy_score,src_signals,src_event_time (date only: markets.end_date),src_url,c1_title,c1_similarity,c1_proposed,c1_outcomes,c1_category,c1_event_time_fields,c1_rules_start,c1_venue_id,c1_url,c2_title,c2_similarity,c2_proposed,c2_outcomes,c2_category,c2_event_time_fields,c2_rules_start,c2_venue_id,c2_url,c3_title,c3_similarity,c3_proposed,c3_outcomes,c3_category,c3_event_time_fields,c3_rules_start,c3_venue_id,c3_url,proposed_candidate,time_auto (computed: unknown unless both venues have a verified-valid timestamp),"candidate_used (1/2/3, or F = found_url; empty = the proposed candidate, else 1)",found_url (same market on the venue but not listed above),QUESTION (Y/N/U),OUTCOME (Y/N/U),TIME (Y/N/U),RESOLUTION (Y/N/U),NOTES,VERIFIED (computed on ingest; leave empty),REJECTION_REASON (computed on ingest; leave empty),venue,seed,population (do not edit),unsearched_pairs,unsearched_signals
r001,A,0.50–0.70,0xf19d6b617a3c6382448444824b42ba172be2d88b8a1491f7dfc7be6327e510a1|Yes,Will Lula win the most votes in the first round of the 2026 Brazil presidential election?,Yes,politics,75,7,2026-10-05,https://polymarket.com/event/will-lula-win-the-most-votes-in-the-first-round-of-the-2026-brazil-presidential-election,Will anyone win outright in the first round of the 2026 Brazil Presidential election? Yes,0.5384615384615384,N,Yes / No,politics; Elections,occurrence_datetime=2026-10-04T14:00:00Z; close_time=2027-10-04T14:00:00Z; expected_expiration_time=2027-01-01T05:00:00Z; expiration_time=2027-10-04T14:00:00Z; latest_expiration_time=2027-10-04T14:00:00Z,"If any candidate receives the required threshold of votes (50%) to be declared the winner after the first round of the 2026 Brazil Presidential election, eliminating the need for any subsequent rounds",KXBRAZILPRES1R-26OCT04,https://kalshi.com/markets/kxbrazilpres1r,"Will the margin of victory for Lula da Silva in the first round of the 2026 Brazilian presidential election be above 15%? Lula da Silva, ≥15%",0.35294117647058826,N,"Yes / No / Lula da Silva, ≥15%",politics; Elections,occurrence_datetime=2027-10-04T14:00:00Z; close_time=2027-10-04T14:00:00Z; expected_expiration_time=2027-10-04T14:00:00Z; expiration_time=2027-10-04T14:00:00Z; latest_expiration_time=2027-10-04T14:00:00Z,"If the margin of victory for Lula da Silva in the first round of the 2026 Brazilian presidential election falls within 15% to 100%, inclusive of its lower bound and exclusive of its upper bound, then",KXBRPRES1MOV-BRPRES26-LSIL-P57,https://kalshi.com/markets/kxbrpres1mov,Will Luiz Inácio Lula da Silva finish 2nd in the first round of the 2026 Brazilian presidential election?,0.35294117647058826,N,Yes / No / Luiz Inácio Lula da Silva,politics; Elections,occurrence_datetime=2026-10-04T14:00:00Z; close_time=2027-10-04T14:00:00Z; expected_expiration_time=2027-01-01T05:00:00Z; expiration_time=2027-10-04T14:00:00Z; latest_expiration_time=2027-10-04T14:00:00Z,"If Luiz Inácio Lula da Silva finishes in 2nd place in the first round of the 2026 Brazilian presidential election according to the certified results, then the market resolves to Yes.",KXBRPRESIDENT2-BRPRES26-2-LSIL,https://kalshi.com/markets/kxbrpresident2,,unknown,,,,,,,,,,kalshi,phase4-0d-review-v1,"[{""band"":""≥ 0.90"",""pairs"":0,""signals"":0,""sampled"":0},{""band"":""0.70–0.90"",""pairs"":14,""signals"":76,""sampled"":14},{""band"":""0.50–0.70"",""pairs"":30,""signals"":113,""sampled"":16},{""band"":""0.30–0.50"",""pairs"":78,""signals"":159,""sampled"":15},{""band"":""< 0.30"",""pairs"":758,""signals"":2197,""sampled"":15}]",0,0
r002,B,0.30–0.50,0x460d3942d385cdeda20519c0c5ad804ae48dc18efc9a82e1f1be87a29e69adb3|Yes,Will the Democrats win the Kansas Senate race in 2026?,Yes,politics,68.6,4,2026-11-04,https://polymarket.com/event/will-the-democrats-win-the-kansas-senate-race-in-2026,Will Democratics win the Senate race in Kansas? Democratic party,0.4444444444444444,N,Yes / No / Democratic party,politics; Elections,occurrence_datetime=2029-01-03T15:00:00Z; close_time=2029-11-07T15:00:00Z; expected_expiration_time=2029-01-04T15:00:00Z; expiration_time=2029-11-07T15:00:00Z; latest_expiration_time=2029-11-07T15:00:00Z,"If a representative of the Democratic party is sworn in as a Senator of Kansas for the term beginning in 2029, then the market resolves to Yes.",SENATEKS-28-D,https://kalshi.com/markets/senateks,Will Republicans win the Senate race in Kansas? Republican party,0.4444444444444444,N,Yes / No / Republican party,politics; Elections,occurrence_datetime=2029-01-03T15:00:00Z; close_time=2029-11-07T15:00:00Z; expected_expiration_time=2029-01-04T15:00:00Z; expiration_time=2029-11-07T15:00:00Z; latest_expiration_time=2029-11-07T15:00:00Z,"If a representative of the Republican party is sworn in as a Senator of Kansas for the term beginning in 2029, then the market resolves to Yes.",SENATEKS-28-R,https://kalshi.com/markets/senateks,Will Democrats win the Senate race in Pennsylvania? Democratic party,0.4444444444444444,N,Yes / No / Democratic party,politics; Elections,occurrence_datetime=2029-01-03T15:00:00Z; close_time=2029-11-07T15:00:00Z; expected_expiration_time=2029-01-04T15:00:00Z; expiration_time=2029-11-07T15:00:00Z; latest_expiration_time=2029-11-07T15:00:00Z,"If a representative of the Democratic party is sworn in as a Senator of Pennsylvania for the term beginning in 2029, then the market resolves to Yes.",SENATEPA-28-D,https://kalshi.com/markets/senatepa,,unknown,,,,,,,,,,kalshi,phase4-0d-review-v1,"[{""band"":""≥ 0.90"",""pairs"":0,""signals"":0,""sampled"":0},{""band"":""0.70–0.90"",""pairs"":14,""signals"":76,""sampled"":14},{""band"":""0.50–0.70"",""pairs"":30,""signals"":113,""sampled"":16},{""band"":""0.30–0.50"",""pairs"":78,""signals"":159,""sampled"":15},{""band"":""< 0.30"",""pairs"":758,""signals"":2197,""sampled"":15}]",0,0
r003,A,0.50–0.70,0xa33cf18dc8a3f0f8550fcb3f68a7b4272f40709419029ac6e589d82f30bb3273|No,Will the Republican Party win the PA-10 House seat?,No,politics,69.9,4,2026-11-05,https://polymarket.com/event/will-the-republican-party-win-the-pa-10-house-seat,Will the Republican party win the House in 2028?,0.5,N,Yes / No / Republican party,politics; Elections,occurrence_datetime=2029-02-01T15:00:00Z; close_time=2029-02-01T15:00:00Z; expected_expiration_time=2029-02-01T15:00:00Z; expiration_time=2029-02-01T15:00:00Z; latest_expiration_time=2029-02-01T15:00:00Z,"If the Republican party has won control of the House in 2028, then the market resolves to Yes.",CONTROLH-2028-R,https://kalshi.com/markets/controlh,Will the Republican party win the Senate in 2028?,0.3333333333333333,N,Yes / No / Republican party,politics; Elections,occurrence_datetime=2029-02-01T15:00:00Z; close_time=2029-02-01T15:00:00Z; expected_expiration_time=2029-02-01T15:00:00Z; expiration_time=2029-02-01T15:00:00Z; latest_expiration_time=2029-02-01T15:00:00Z,"If the Republican party has won control of the Senate in 2028, then the market resolves to Yes.",CONTROLS-2028-R,https://kalshi.com/markets/controls,Will the Republican party win the governorship in Delaware,0.3333333333333333,N,Yes / No / Republican party,politics; Elections,occurrence_datetime=2029-01-21T15:00:00Z; close_time=2029-11-07T15:00:00Z; expected_expiration_time=2029-01-21T15:00:00Z; expiration_time=2029-11-07T15:00:00Z; latest_expiration_time=2029-11-07T15:00:00Z,"If a representative of the Republican party is inaugurated as the governor of Delaware pursuant to the 2028 election, then the market resolves to Yes.",GOVPARTYDE-28-R,https://kalshi.com/markets/govpartyde,,unknown,,,,,,,,,,kalshi,phase4-0d-review-v1,"[{""band"":""≥ 0.90"",""pairs"":0,""signals"":0,""sampled"":0},{""band"":""0.70–0.90"",""pairs"":14,""signals"":76,""sampled"":14},{""band"":""0.50–0.70"",""pairs"":30,""signals"":113,""sampled"":16},{""band"":""0.30–0.50"",""pairs"":78,""signals"":159,""sampled"":15},{""band"":""< 0.30"",""pairs"":758,""signals"":2197,""sampled"":15}]",0,0
r004,A,0.70–0.90,0xf35f7e818e58b63a996f909956b0ea1ad5c6517653cb4e67ce735e3666443920|No,Will Javokhir Sindarov win the 2026 World Chess Championship?,No,culture_other,69.9,1,2027-01-01,https://polymarket.com/event/will-javokhir-sindarov-win-the-2026-world-chess-championship,Will Javokhir Sindarov win the World Chess Championship?,0.8571428571428571,N,Yes / No / Javokhir Sindarov,sports:other_sport; Sports,close_time=2028-12-30T15:00:00Z; expected_expiration_time=2026-12-31T15:00:00Z; expiration_time=2028-12-30T15:00:00Z; latest_expiration_time=2028-12-30T15:00:00Z; settlement_timer_seconds=300,"If Javokhir Sindarov wins the World Chess Championship, then the market resolves to Yes.",KXCHESSWORLDCHAMPION-CHESS26-JSIN,https://kalshi.com/markets/kxchessworldchampion,Will Andrey Esipenko win the World Chess Championship?,0.4444444444444444,N,Yes / No / Andrey Esipenko,sports:other_sport; Sports,close_time=2028-12-30T15:00:00Z; expected_expiration_time=2026-12-31T15:00:00Z; expiration_time=2028-12-30T15:00:00Z; latest_expiration_time=2028-12-30T15:00:00Z; settlement_timer_seconds=300,"If Andrey Esipenko wins the World Chess Championship, then the market resolves to Yes.",KXCHESSWORLDCHAMPION-CHESS26-AESI,https://kalshi.com/markets/kxchessworldchampion,Will Anish Giri win the World Chess Championship?,0.4444444444444444,N,Yes / No / Anish Giri,sports:other_sport; Sports,close_time=2028-12-30T15:00:00Z; expected_expiration_time=2026-12-31T15:00:00Z; expiration_time=2028-12-30T15:00:00Z; latest_expiration_time=2028-12-30T15:00:00Z; settlement_timer_seconds=300,"If Anish Giri wins the World Chess Championship, then the market resolves to Yes.",KXCHESSWORLDCHAMPION-CHESS26-AGIR,https://kalshi.com/markets/kxchessworldchampion,,unknown,,,,,,,,,,kalshi,phase4-0d-review-v1,"[{""band"":""≥ 0.90"",""pairs"":0,""signals"":0,""sampled"":0},{""band"":""0.70–0.90"",""pairs"":14,""signals"":76,""sampled"":14},{""band"":""0.50–0.70"",""pairs"":30,""signals"":113,""sampled"":16},{""band"":""0.30–0.50"",""pairs"":78,""signals"":159,""sampled"":15},{""band"":""< 0.30"",""pairs"":758,""signals"":2197,""sampled"":15}]",0,0
r005,B,0.30–0.50,0x1daa2f31b7526baf4604eacd2c3e6c14d798862486b2939480593001eb64aef3|No,Will Wild Horse Nine get the most Oscar nominations at the 99th Academy Awards?,No,culture_other,70,2,2027-07-01,https://polymarket.com/event/will-wild-horse-nine-get-the-most-oscar-nominations-at-the-99th-academy-awards,2027 Achievement in Casting Oscar nominations? Wild Horse Nine,0.38461538461538464,N,Yes / No / Wild Horse Nine,culture_other; Entertainment,close_time=2027-12-31T15:00:00Z; expected_expiration_time=2027-12-31T15:00:00Z; expiration_time=2027-12-31T15:00:00Z; latest_expiration_time=2027-12-31T15:00:00Z; settlement_timer_seconds=300,"If Wild Horse Nine has been nominated for Achievement in Casting at the 99th Academy Awards, then the market resolves to Yes.",KXOSCARNOMBCASTING-27-WIL,https://kalshi.com/markets/kxoscarnombcasting,2027 Best Original Screenplay Oscar nominations? Wild Horse Nine,0.35714285714285715,N,Yes / No / Wild Horse Nine,culture_other; Entertainment,close_time=2027-12-31T15:00:00Z; expected_expiration_time=2027-12-31T15:00:00Z; expiration_time=2027-12-31T15:00:00Z; latest_expiration_time=2027-12-31T15:00:00Z; settlement_timer_seconds=300,"If Wild Horse Nine has been nominated for Best Original Screenplay at the 99th Academy Awards, then the market resolves to Yes.",KXOSCARNOMSPLAY-27-WIL,https://kalshi.com/markets/kxoscarnomsplay,2027 Best Music (Original Score) Oscar nominations? Wild Horse Nine,0.3333333333333333,N,Yes / No / Wild Horse Nine,culture_other; Entertainment,close_time=2027-12-31T15:00:00Z; expected_expiration_time=2027-12-31T15:00:00Z; expiration_time=2027-12-31T15:00:00Z; latest_expiration_time=2027-12-31T15:00:00Z; settlement_timer_seconds=300,"If Wild Horse Nine has been nominated for Best Music (Original Score) at the 99th Academy Awards, then the market resolves to Yes.",KXOSCARNOMSCORE-27-WIL,https://kalshi.com/markets/kxoscarnomscore,,unknown,,,,,,,,,,kalshi,phase4-0d-review-v1,"[{""band"":""≥ 0.90"",""pairs"":0,""signals"":0,""sampled"":0},{""band"":""0.70–0.90"",""pairs"":14,""signals"":76,""sampled"":14},{""band"":""0.50–0.70"",""pairs"":30,""signals"":113,""sampled"":16},{""band"":""0.30–0.50"",""pairs"":78,""signals"":159,""sampled"":15},{""band"":""< 0.30"",""pairs"":758,""signals"":2197,""sampled"":15}]",0,0
r006,C,< 0.30,0xa5f8a44504de30fa36fff2406b2b27b3d15476ed50448e4fc3ead4861d8a5e3e|No,Will the Fed increase interest rates by 50+ bps after the December 2026 meeting?,No,culture_other,70.1,3,2026-12-09,https://polymarket.com/event/will-the-fed-increase-interest-rates-by-50-bps-after-the-december-2026-meeting-20260729232808637,Will the Federal Reserve Hike rates by 0bps at their December 2027 meeting? Fed maintains rate,0.2222222222222222,N,Yes / No / Fed maintains rate,culture_other; Economics,event.strike_date=2027-12-08T19:00:00Z; close_time=2027-12-08T18:59:00Z; expected_expiration_time=2027-12-08T19:05:00Z; expiration_time=2028-03-08T19:01:00Z; latest_expiration_time=2028-03-08T19:01:00Z,"If the Federal Reserve does a Hike of 0bps on December 08, 2027, then the market resolves to Yes.",KXFEDDECISION-27DEC-H0,https://kalshi.com/markets/kxfeddecision,Will the Federal Reserve Cut rates by 25bps at their December 2027 meeting? Cut 25bps,0.1875,N,Yes / No / Cut 25bps,culture_other; Economics,event.strike_date=2027-12-08T19:00:00Z; close_time=2027-12-08T18:59:00Z; expected_expiration_time=2027-12-08T19:05:00Z; expiration_time=2028-03-08T19:01:00Z; latest_expiration_time=2028-03-08T19:01:00Z,"If the Federal Reserve does a Cut of 25bps on December 08, 2027, then the market resolves to Yes.",KXFEDDECISION-27DEC-C25,https://kalshi.com/markets/kxfeddecision,Will the Federal Reserve Cut rates by >25bps at their December 2027 meeting? Cut >25bps,0.1875,N,Yes / No / Cut >25bps,culture_other; Economics,event.strike_date=2027-12-08T19:00:00Z; close_time=2027-12-08T18:59:00Z; expected_expiration_time=2027-12-08T19:05:00Z; expiration_time=2028-03-08T19:01:00Z; latest_expiration_time=2028-03-08T19:01:00Z,"If the Federal Reserve does a Cut of 25bps on December 08, 2027, then the market resolves to Yes.",KXFEDDECISION-27DEC-C26,https://kalshi.com/markets/kxfeddecision,,unknown,,,,,,,,,,kalshi,phase4-0d-review-v1,"[{""band"":""≥ 0.90"",""pairs"":0,""signals"":0,""sampled"":0},{""band"":""0.70–0.90"",""pairs"":14,""signals"":76,""sampled"":14},{""band"":""0.50–0.70"",""pairs"":30,""signals"":113,""sampled"":16},{""band"":""0.30–0.50"",""pairs"":78,""signals"":159,""sampled"":15},{""band"":""< 0.30"",""pairs"":758,""signals"":2197,""sampled"":15}]",0,0
r007,C,< 0.30,0xb25d45f7c060f934b5739ae09c83c5c12132161339b8b66e4b6e23f3f881fdb6|Argentina,Spread: Argentina (-1.5),Argentina,sports:other_sport,75,2,2026-09-30,https://polymarket.com/event/fif-arg-bol-2026-09-30-spread-home-1pt5,Chicago WS vs Cleveland Division Series Game Spread: Cleveland -1.5 games,0.2,N,Yes / No / Cleveland -1.5 games,sports:baseball; Sports,occurrence_datetime=2026-10-18T17:00:00Z; close_time=2026-10-31T17:00:00Z; expected_expiration_time=2026-10-18T17:00:00Z; expiration_time=2026-10-31T17:00:00Z; latest_expiration_time=2026-10-31T17:00:00Z,"If Cleveland wins by more than 1.5 games in the Chicago WS vs Cleveland Division Series in the 2026 Pro Baseball Playoffs, then the market resolves to Yes.",KXMLBSERIESSPREAD-26CWSCLEALDS-CLE2,https://kalshi.com/markets/kxmlbseriesspread,Chicago WS vs Cleveland Division Series Game Spread: Chicago WS -1.5 games,0.2,N,Yes / No / Chicago WS -1.5 games,sports:baseball; Sports,occurrence_datetime=2026-10-18T17:00:00Z; close_time=2026-10-31T17:00:00Z; expected_expiration_time=2026-10-18T17:00:00Z; expiration_time=2026-10-31T17:00:00Z; latest_expiration_time=2026-10-31T17:00:00Z,"If Chicago WS wins by more than 1.5 games in the Chicago WS vs Cleveland Division Series in the 2026 Pro Baseball Playoffs, then the market resolves to Yes.",KXMLBSERIESSPREAD-26CWSCLEALDS-CWS2,https://kalshi.com/markets/kxmlbseriesspread,San Diego vs Milwaukee Division Series Game Spread: Milwaukee -1.5 games,0.2,N,Yes / No / Milwaukee -1.5 games,sports:baseball; Sports,occurrence_datetime=2026-10-19T00:30:00Z; close_time=2026-11-01T00:30:00Z; expected_expiration_time=2026-10-19T00:30:00Z; expiration_time=2026-11-01T00:30:00Z; latest_expiration_time=2026-11-01T00:30:00Z,"If Milwaukee wins by more than 1.5 games in the San Diego vs Milwaukee Division Series in the 2026 Pro Baseball Playoffs, then the market resolves to Yes.",KXMLBSERIESSPREAD-26SDMILNLDS-MIL2,https://kalshi.com/markets/kxmlbseriesspread,,unknown,,,,,,,,,,kalshi,phase4-0d-review-v1,"[{""band"":""≥ 0.90"",""pairs"":0,""signals"":0,""sampled"":0},{""band"":""0.70–0.90"",""pairs"":14,""signals"":76,""sampled"":14},{""band"":""0.50–0.70"",""pairs"":30,""signals"":113,""sampled"":16},{""band"":""0.30–0.50"",""pairs"":78,""signals"":159,""sampled"":15},{""band"":""< 0.30"",""pairs"":758,""signals"":2197,""sampled"":15}]",0,0
r008,B,0.30–0.50,0xdbe55d12f69f9418e1701bfb3384212c78b0a820b0fa55d6558c46faf5844f27|No,Will María Corina Machado enter Venezuela by September 30?,No,culture_other,68,1,2026-10-01,https://polymarket.com/event/will-maria-corina-machado-enter-venezuela-by-september-30-20260728195821515,"Will María Corina Machado visit Venezuela before Aug 1, 2026?",0.3333333333333333,N,"Yes / No / Before Aug 1, 2026",politics; Politics,occurrence_datetime=2026-08-01T14:00:00Z; close_time=2026-08-01T14:00:00Z; expected_expiration_time=2027-01-01T15:00:00Z; expiration_time=2026-08-08T14:00:00Z; latest_expiration_time=2026-08-08T14:00:00Z,"If María Corina Machado has physically travelled to and been present within the geographic boundaries of Venezuela before Aug 1, 2026, then the market resolves to Yes.",KXMACHADOVENEZUELA-26JUN29-AUG01,https://kalshi.com/markets/kxmachadovenezuela,"Will María Corina Machado visit Venezuela before Jan 1, 2027?",0.3333333333333333,N,"Yes / No / Before Jan 1, 2027",politics; Politics,occurrence_datetime=2027-01-01T15:00:00Z; close_time=2027-01-01T15:00:00Z; expected_expiration_time=2027-01-01T15:00:00Z; expiration_time=2027-01-08T15:00:00Z; latest_expiration_time=2027-01-08T15:00:00Z,"If María Corina Machado has physically travelled to and been present within the geographic boundaries of Venezuela before Jan 1, 2027, then the market resolves to Yes.",KXMACHADOVENEZUELA-26JUN29-JAN01,https://kalshi.com/markets/kxmachadovenezuela,"Will María Corina Machado visit Venezuela before Oct 1, 2026?",0.3333333333333333,N,"Yes / No / Before Oct 1, 2026",politics; Politics,occurrence_datetime=2026-10-01T14:00:00Z; close_time=2026-10-01T13:43:15Z; expected_expiration_time=2027-01-01T15:00:00Z; expiration_time=2026-10-08T14:00:00Z; latest_expiration_time=2026-10-08T14:00:00Z,"If María Corina Machado has physically travelled to and been present within the geographic boundaries of Venezuela before Oct 1, 2026, then the market resolves to Yes.",KXMACHADOVENEZUELA-26JUN29-OCT01,https://kalshi.com/markets/kxmachadovenezuela,,unknown,,,,,,,,,,kalshi,phase4-0d-review-v1,"[{""band"":""≥ 0.90"",""pairs"":0,""signals"":0,""sampled"":0},{""band"":""0.70–0.90"",""pairs"":14,""signals"":76,""sampled"":14},{""band"":""0.50–0.70"",""pairs"":30,""signals"":113,""sampled"":16},{""band"":""0.30–0.50"",""pairs"":78,""signals"":159,""sampled"":15},{""band"":""< 0.30"",""pairs"":758,""signals"":2197,""sampled"":15}]",0,0
r009,C,< 0.30,0x0335666298ef366219408b8f457499b82c0000000000000000000000000000|,Will Türkiye win on 2026-09-28? AND Will Germany win on 2026-09-27? AND Will Austria win on 2026-09-27? AND Will Belgium win on 2026-09-28? AND Will Georgia win on 2026-09-28? AND Will Denmark win on 2026-09-27? AND Will Norway win on 2026-09-27? AND Will Netherlands win on 2026-09-27?,,culture_other,85,1,,,Will the Conservative Party of British Columbia win at least 27 seats in the 2026 British Columbia general election? 27 or more,0.13636363636363635,N,Yes / No / 27 or more,politics; Elections,occurrence_datetime=2027-10-24T14:00:00Z; close_time=2027-10-24T14:00:00Z; expected_expiration_time=2027-10-24T14:00:00Z; expiration_time=2027-10-24T14:00:00Z; latest_expiration_time=2027-10-24T14:00:00Z,"If the Conservative Party of British Columbia has won at least 27 seats in the 2026 British Columbia general election, then the market resolves to Yes.",KXBCCONSEATS-26OCT24-AL27,https://kalshi.com/markets/kxbcconseats,Will the Georgia college football team be ranked #1 during any week of the 2026-27 season?,0.13636363636363635,N,Yes / No / Georgia,sports:american_football; Sports,occurrence_datetime=2027-01-31T15:00:00Z; close_time=2027-02-14T15:00:00Z; expected_expiration_time=2027-01-31T15:00:00Z; expiration_time=2027-02-14T15:00:00Z; latest_expiration_time=2027-02-14T15:00:00Z,"If the Georgia college football team is ranked #1 on the AP Top 25 College Football Poll during any week of the 2026-27 season, then the market resolves to Yes.",KXNCAAFAPANY-27R1-UGA,https://kalshi.com/markets/kxncaafapany,Will Alternative for Germany (AfD) win at least 36 seats in the 2026 Saxony-Anhalt Landtag election? 36 or more,0.13043478260869565,N,Yes / No / 36 or more,politics; Elections,occurrence_datetime=2027-09-06T14:00:00Z; close_time=2026-09-22T15:35:26Z; expected_expiration_time=2027-09-06T14:00:00Z; expiration_time=2027-09-06T14:00:00Z; latest_expiration_time=2027-09-06T14:00:00Z,"If Alternative for Germany (AfD) has won at least 36 seats in the 2026 Saxony-Anhalt Landtag election, then the market resolves to Yes.",KXAFDSACHSEN-26SEP06-AL36,https://kalshi.com/markets/kxafdsachsen,,unknown,,,,,,,,,,kalshi,phase4-0d-review-v1,"[{""band"":""≥ 0.90"",""pairs"":0,""signals"":0,""sampled"":0},{""band"":""0.70–0.90"",""pairs"":14,""signals"":76,""sampled"":14},{""band"":""0.50–0.70"",""pairs"":30,""signals"":113,""sampled"":16},{""band"":""0.30–0.50"",""pairs"":78,""signals"":159,""sampled"":15},{""band"":""< 0.30"",""pairs"":758,""signals"":2197,""sampled"":15}]",0,0
r010,C,< 0.30,0xeb87a0ac715a47ddbc57204a85cb17fa6ea65946e2f90bd68b106df421e3e462|No,Will ByteDance's valuation hit (HIGH) $825B by October 31?,No,culture_other,70.4,1,2026-11-01,https://polymarket.com/event/will-bytedances-valuation-hit-high-825b-by-october-31-2026,Will Beyoncé have a #1 hit this year?,0.07692307692307693,N,Yes / No / Beyoncé,culture_other; Entertainment,occurrence_datetime=2026-12-22T05:01:00Z; close_time=2026-12-21T05:01:00Z; expected_expiration_time=2026-12-26T15:00:00Z; expiration_time=2027-01-02T15:00:00Z; latest_expiration_time=2027-01-02T15:00:00Z,"If Beyoncé has a #1 song on the Billboard Hot 100 (including features), by the Billboard issue for the week of Dec 26, 2026, then the market resolves to Yes.",KX1SONG-DEC2626-BEY,https://kalshi.com/markets/kx1song,Will BLACKPINK have a #1 hit this year?,0.07692307692307693,N,Yes / No / BLACKPINK,culture_other; Entertainment,occurrence_datetime=2026-12-22T05:01:00Z; close_time=2026-12-21T05:01:00Z; expected_expiration_time=2026-12-26T15:00:00Z; expiration_time=2027-01-02T15:00:00Z; latest_expiration_time=2027-01-02T15:00:00Z,"If BLACKPINK has a #1 song on the Billboard Hot 100 (including features), by the Billboard issue for the week of Dec 26, 2026, then the market resolves to Yes.",KX1SONG-DEC2626-BLA,https://kalshi.com/markets/kx1song,Will Camilo have a #1 hit this year?,0.07692307692307693,N,Yes / No / Camilo,culture_other; Entertainment,occurrence_datetime=2026-12-22T05:01:00Z; close_time=2026-12-21T05:01:00Z; expected_expiration_time=2026-12-26T15:00:00Z; expiration_time=2027-01-02T15:00:00Z; latest_expiration_time=2027-01-02T15:00:00Z,"If Camilo has a #1 song on the Billboard Hot 100 (including features), by the Billboard issue for the week of Dec 26, 2026, then the market resolves to Yes.",KX1SONG-DEC2626-CAM,https://kalshi.com/markets/kx1song,,unknown,,,,,,,,,,kalshi,phase4-0d-review-v1,"[{""band"":""≥ 0.90"",""pairs"":0,""signals"":0,""sampled"":0},{""band"":""0.70–0.90"",""pairs"":14,""signals"":76,""sampled"":14},{""band"":""0.50–0.70"",""pairs"":30,""signals"":113,""sampled"":16},{""band"":""0.30–0.50"",""pairs"":78,""signals"":159,""sampled"":15},{""band"":""< 0.30"",""pairs"":758,""signals"":2197,""sampled"":15}]",0,0
r011,A,0.50–0.70,0x5880a6cf9358cca3660a1391325250a5f091f60e5547360f5b9e87cf5269a6db|No,Will Renan Santos win between 6% and 8% of the valid vote in the first round of the 2026 Brazilian presidential election?,No,politics,70.3,5,2026-10-04,https://polymarket.com/event/brazil-first-round-vote-share-renan-santos-6-8,Will Renan Santos finish 2nd in the first round of the 2026 Brazilian presidential election?,0.5,N,Yes / No / Renan Santos,politics; Elections,occurrence_datetime=2026-10-04T14:00:00Z; close_time=2027-10-04T14:00:00Z; expected_expiration_time=2027-01-01T05:00:00Z; expiration_time=2027-10-04T14:00:00Z; latest_expiration_time=2027-10-04T14:00:00Z,"If Renan Santos finishes in 2nd place in the first round of the 2026 Brazilian presidential election according to the certified results, then the market resolves to Yes.",KXBRPRESIDENT2-BRPRES26-2-RSAN,https://kalshi.com/markets/kxbrpresident2,Will Renan Santos finish 3rd in the first round of the 2026 Brazilian presidential election?,0.5,N,Yes / No / Renan Santos,politics; Elections,occurrence_datetime=2026-10-04T14:00:00Z; close_time=2027-10-04T14:00:00Z; expected_expiration_time=2027-01-01T05:00:00Z; expiration_time=2027-10-04T14:00:00Z; latest_expiration_time=2027-10-04T14:00:00Z,"If Renan Santos finishes in 3rd place in the first round of the 2026 Brazilian presidential election according to the certified results, then the market resolves to Yes.",KXBRPRESIDENT3-BRPRES26-3-RSAN,https://kalshi.com/markets/kxbrpresident3,Will the margin of victory for Renan Santos in the first round of the 2026 Brazilian presidential election be above 0%? Renan Santos wins,0.42105263157894735,N,Yes / No / Renan Santos wins,politics; Elections,occurrence_datetime=2027-10-04T14:00:00Z; close_time=2027-10-04T14:00:00Z; expected_expiration_time=2027-10-04T14:00:00Z; expiration_time=2027-10-04T14:00:00Z; latest_expiration_time=2027-10-04T14:00:00Z,"If the margin of victory for Renan Santos in the first round of the 2026 Brazilian presidential election falls within 0% to 100%, inclusive of its lower bound and exclusive of its upper bound, then th",KXBRPRES1MOV-BRPRES26-RSAN-P50,https://kalshi.com/markets/kxbrpres1mov,,unknown,,,,,,,,,,kalshi,phase4-0d-review-v1,"[{""band"":""≥ 0.90"",""pairs"":0,""signals"":0,""sampled"":0},{""band"":""0.70–0.90"",""pairs"":14,""signals"":76,""sampled"":14},{""band"":""0.50–0.70"",""pairs"":30,""signals"":113,""sampled"":16},{""band"":""0.30–0.50"",""pairs"":78,""signals"":159,""sampled"":15},{""band"":""< 0.30"",""pairs"":758,""signals"":2197,""sampled"":15}]",0,0
r012,B,0.30–0.50,0x1cf04d8a2fc232d963c8f40f70dae0710beb047a77182359d33922581ef12092|No,Will ByteDance have the best Chinese AI model at the end of September 2026?,No,culture_other,70.1,1,2026-09-30,https://polymarket.com/event/will-bytedance-have-the-best-chinese-ai-model-at-the-end-of-september-2026-20260717140852831,Will ByteDance have a top-ranked AI model before 2027?,0.3076923076923077,N,Yes / No / ByteDance,culture_other; Science and Technology,close_time=2027-01-01T15:00:00Z; expected_expiration_time=2027-01-02T15:00:00Z; expiration_time=2027-01-01T15:00:00Z; latest_expiration_time=2027-01-01T15:00:00Z; settlement_timer_seconds=300,"If ByteDance has a #1 ranked AI model before Jan 1, 2027, then the market resolves to Yes.",KXTOPAI-27-JAN01-BYTE,https://kalshi.com/markets/kxtopai,Which companies will have the top AI model before 2030? ByteDance,0.2857142857142857,N,Yes / No / ByteDance,culture_other; Science and Technology,event.strike_date=2030-01-01T04:59:00Z; occurrence_datetime=2030-01-01T04:59:00Z; close_time=2030-01-01T04:58:00Z; expected_expiration_time=2030-01-07T15:00:00Z; expiration_time=2030-01-07T15:00:00Z,"If ByteDance has the highest-ranked AI model on the applicable index before Jan 1, 2030, then the market resolves to Yes.",KXTOPLLMGENERAL-30JAN01-BYTE,https://kalshi.com/markets/kxtopllmgeneral,2026 Grammy nominees for Best New Artist? Model/Actriz,0.21428571428571427,N,Yes / No / Model/Actriz,culture_other; Entertainment,close_time=2027-11-01T15:00:00Z; expected_expiration_time=2027-11-01T15:00:00Z; expiration_time=2027-11-01T15:00:00Z; latest_expiration_time=2027-11-01T15:00:00Z; settlement_timer_seconds=3600,"If Model/Actriz has been nominated for Best New Artist at the 69th Grammy Awards, then the market resolves to Yes.",KXGRAMMYNOMNAOTY-69-MOD,https://kalshi.com/markets/kxgrammynomnaoty,,unknown,,,,,,,,,,kalshi,phase4-0d-review-v1,"[{""band"":""≥ 0.90"",""pairs"":0,""signals"":0,""sampled"":0},{""band"":""0.70–0.90"",""pairs"":14,""signals"":76,""sampled"":14},{""band"":""0.50–0.70"",""pairs"":30,""signals"":113,""sampled"":16},{""band"":""0.30–0.50"",""pairs"":78,""signals"":159,""sampled"":15},{""band"":""< 0.30"",""pairs"":758,""signals"":2197,""sampled"":15}]",0,0
r013,A,0.70–0.90,0xbc0070bd88b113d9beedbae5efd78df0e605ca029aff8ef470c881010c923a24|Yes,Will Augusto Cury finish in third place in the first round of the 2026 Brazilian presidential election?,Yes,politics,69.7,8,2027-07-01,https://polymarket.com/event/will-augusto-cury-finish-in-third-place-in-the-first-round-of-the-2026-brazilian-presidential-election,Will Augusto Cury finish 2nd in the first round of the 2026 Brazilian presidential election?,0.75,N,Yes / No / Augusto Cury,politics; Elections,occurrence_datetime=2026-10-04T14:00:00Z; close_time=2027-10-04T14:00:00Z; expected_expiration_time=2027-01-01T05:00:00Z; expiration_time=2027-10-04T14:00:00Z; latest_expiration_time=2027-10-04T14:00:00Z,"If Augusto Cury finishes in 2nd place in the first round of the 2026 Brazilian presidential election according to the certified results, then the market resolves to Yes.",KXBRPRESIDENT2-BRPRES26-2-ACUR,https://kalshi.com/markets/kxbrpresident2,Will Augusto Cury finish 3rd in the first round of the 2026 Brazilian presidential election?,0.75,N,Yes / No / Augusto Cury,politics; Elections,occurrence_datetime=2026-10-04T14:00:00Z; close_time=2027-10-04T14:00:00Z; expected_expiration_time=2027-01-01T05:00:00Z; expiration_time=2027-10-04T14:00:00Z; latest_expiration_time=2027-10-04T14:00:00Z,"If Augusto Cury finishes in 3rd place in the first round of the 2026 Brazilian presidential election according to the certified results, then the market resolves to Yes.",KXBRPRESIDENT3-BRPRES26-3-ACUR,https://kalshi.com/markets/kxbrpresident3,Will Aldo Rebelo finish 2nd in the first round of the 2026 Brazilian presidential election?,0.5,N,Yes / No / Aldo Rebelo,politics; Elections,occurrence_datetime=2026-10-04T14:00:00Z; close_time=2027-10-04T14:00:00Z; expected_expiration_time=2027-01-01T05:00:00Z; expiration_time=2027-10-04T14:00:00Z; latest_expiration_time=2027-10-04T14:00:00Z,"If Aldo Rebelo finishes in 2nd place in the first round of the 2026 Brazilian presidential election according to the certified results, then the market resolves to Yes.",KXBRPRESIDENT2-BRPRES26-2-AREB,https://kalshi.com/markets/kxbrpresident2,,unknown,,,,,,,,,,kalshi,phase4-0d-review-v1,"[{""band"":""≥ 0.90"",""pairs"":0,""signals"":0,""sampled"":0},{""band"":""0.70–0.90"",""pairs"":14,""signals"":76,""sampled"":14},{""band"":""0.50–0.70"",""pairs"":30,""signals"":113,""sampled"":16},{""band"":""0.30–0.50"",""pairs"":78,""signals"":159,""sampled"":15},{""band"":""< 0.30"",""pairs"":758,""signals"":2197,""sampled"":15}]",0,0
r014,A,0.50–0.70,0x0c2108b50c4c1a5f11bdbe2bbe5e31a1ab4de4c6ba3567cd49ffd9f0846e19ca|Yes,Will Marina Silva win the second-most votes in the 2026 São Paulo Senate election?,Yes,politics,68.9,1,2026-10-04,https://polymarket.com/event/will-marina-silva-win-the-second-most-votes-in-the-2026-sao-paulo-senate-election,Will Marina Silva win the 2026 São Paulo Federal Senate election?,0.6666666666666666,N,Yes / No / Marina Silva,politics; Elections,occurrence_datetime=2026-10-04T14:00:00Z; close_time=2027-10-04T14:00:00Z; expected_expiration_time=2027-01-01T05:00:00Z; expiration_time=2027-10-04T14:00:00Z; latest_expiration_time=2027-10-04T14:00:00Z,"If Marina Silva wins the 2026 São Paulo Federal Senate election, then the market resolves to Yes.",KXSAOPAULOSENATE-26OCT04-MSIL,https://kalshi.com/markets/kxsaopaulosenate,Will André do Prado win the 2026 São Paulo Federal Senate election?,0.42857142857142855,N,Yes / No / André do Prado,politics; Elections,occurrence_datetime=2026-10-04T14:00:00Z; close_time=2027-10-04T14:00:00Z; expected_expiration_time=2027-01-01T05:00:00Z; expiration_time=2027-10-04T14:00:00Z; latest_expiration_time=2027-10-04T14:00:00Z,"If André do Prado wins the 2026 São Paulo Federal Senate election, then the market resolves to Yes.",KXSAOPAULOSENATE-26OCT04-APRA,https://kalshi.com/markets/kxsaopaulosenate,Will Guilherme Derrite win the 2026 São Paulo Federal Senate election?,0.42857142857142855,N,Yes / No / Guilherme Derrite,politics; Elections,occurrence_datetime=2026-10-04T14:00:00Z; close_time=2027-10-04T14:00:00Z; expected_expiration_time=2027-01-01T05:00:00Z; expiration_time=2027-10-04T14:00:00Z; latest_expiration_time=2027-10-04T14:00:00Z,"If Guilherme Derrite wins the 2026 São Paulo Federal Senate election, then the market resolves to Yes.",KXSAOPAULOSENATE-26OCT04-GDER,https://kalshi.com/markets/kxsaopaulosenate,,unknown,,,,,,,,,,kalshi,phase4-0d-review-v1,"[{""band"":""≥ 0.90"",""pairs"":0,""signals"":0,""sampled"":0},{""band"":""0.70–0.90"",""pairs"":14,""signals"":76,""sampled"":14},{""band"":""0.50–0.70"",""pairs"":30,""signals"":113,""sampled"":16},{""band"":""0.30–0.50"",""pairs"":78,""signals"":159,""sampled"":15},{""band"":""< 0.30"",""pairs"":758,""signals"":2197,""sampled"":15}]",0,0
r015,A,0.70–0.90,0xdbe93b5a701f36076a560fa4b9ba59e365a6e8e2ea6a83764640010657277ca4|Yes,Will Gadi Eizenkot be the next Prime Minister of Israel?,Yes,politics,68,5,2026-10-27,https://polymarket.com/event/will-gadi-eizenkot-be-the-next-prime-minister-of-israel,Will Gadi Eisenkot be the next Prime Minister of Israel?,0.7142857142857143,Y,Yes / No / Gadi Eisenkot,politics; Elections,close_time=2045-01-01T15:00:00Z; expected_expiration_time=2045-01-01T15:00:00Z; expiration_time=2045-01-01T15:00:00Z; latest_expiration_time=2045-01-01T15:00:00Z; settlement_timer_seconds=1800,"If the first new person to hold Prime Minister of Israel after Issuance is Gadi Eisenkot, then the market resolves to Yes.",KXNEXTISRAELPM-45JAN01-GEIS,https://kalshi.com/markets/kxnextisraelpm,Will Israel Katz be the next Prime Minister of Israel?,0.5714285714285714,N,Yes / No / Israel Katz,politics; Elections,close_time=2045-01-01T15:00:00Z; expected_expiration_time=2045-01-01T15:00:00Z; expiration_time=2045-01-01T15:00:00Z; latest_expiration_time=2045-01-01T15:00:00Z; settlement_timer_seconds=1800,"If the first new person to hold Prime Minister of Israel after Issuance is Israel Katz, then the market resolves to Yes.",KXNEXTISRAELPM-45JAN01-IKAT,https://kalshi.com/markets/kxnextisraelpm,Will Avigdor Lieberman be the next Prime Minister of Israel?,0.5,N,Yes / No / Avigdor Lieberman,politics; Elections,close_time=2045-01-01T15:00:00Z; expected_expiration_time=2045-01-01T15:00:00Z; expiration_time=2045-01-01T15:00:00Z; latest_expiration_time=2045-01-01T15:00:00Z; settlement_timer_seconds=1800,"If the first new person to hold Prime Minister of Israel after Issuance is Avigdor Lieberman, then the market resolves to Yes.",KXNEXTISRAELPM-45JAN01-ALIE,https://kalshi.com/markets/kxnextisraelpm,1,unknown,,,,,,,,,,kalshi,phase4-0d-review-v1,"[{""band"":""≥ 0.90"",""pairs"":0,""signals"":0,""sampled"":0},{""band"":""0.70–0.90"",""pairs"":14,""signals"":76,""sampled"":14},{""band"":""0.50–0.70"",""pairs"":30,""signals"":113,""sampled"":16},{""band"":""0.30–0.50"",""pairs"":78,""signals"":159,""sampled"":15},{""band"":""< 0.30"",""pairs"":758,""signals"":2197,""sampled"":15}]",0,0
r016,B,0.30–0.50,0x94521176f57d2ce81dde01e0b7699ca4279423042d37ed53908f0c8bfefe7e14|No,Will the Republicans win the Texas Senate race in 2026?,No,politics,70.1,5,2026-11-04,https://polymarket.com/event/will-the-republicans-win-the-texas-senate-race-in-2026,Will Republicans win the Senate race in Alaska? Republican party,0.4444444444444444,N,Yes / No / Republican party,politics; Elections,occurrence_datetime=2029-01-03T15:00:00Z; close_time=2029-11-07T15:00:00Z; expected_expiration_time=2029-01-04T15:00:00Z; expiration_time=2029-11-07T15:00:00Z; latest_expiration_time=2029-11-07T15:00:00Z,"If a representative of the Republican party is sworn in as a Senator of Alaska for the term beginning in 2029, then the market resolves to Yes.",SENATEAK-28-R,https://kalshi.com/markets/senateak,Will Republicans win the Senate race in Alabama? Republican party,0.4444444444444444,N,Yes / No / Republican party,politics; Elections,occurrence_datetime=2029-01-03T15:00:00Z; close_time=2029-11-07T15:00:00Z; expected_expiration_time=2029-01-04T15:00:00Z; expiration_time=2029-11-07T15:00:00Z; latest_expiration_time=2029-11-07T15:00:00Z,"If a representative of the Republican party is sworn in as a Senator of Alabama for the term beginning in 2029, then the market resolves to Yes.",SENATEAL-28-2-R,https://kalshi.com/markets/senateal,Will Republicans win the Senate race in Arkansas? Republican party,0.4444444444444444,N,Yes / No / Republican party,politics; Elections,occurrence_datetime=2029-01-03T15:00:00Z; close_time=2029-11-07T15:00:00Z; expected_expiration_time=2029-01-04T15:00:00Z; expiration_time=2029-11-07T15:00:00Z; latest_expiration_time=2029-11-07T15:00:00Z,"If a representative of the Republican party is sworn in as a Senator of Arkansas for the term beginning in 2029, then the market resolves to Yes.",SENATEAR-28-R,https://kalshi.com/markets/senatear,,unknown,,,,,,,,,,kalshi,phase4-0d-review-v1,"[{""band"":""≥ 0.90"",""pairs"":0,""signals"":0,""sampled"":0},{""band"":""0.70–0.90"",""pairs"":14,""signals"":76,""sampled"":14},{""band"":""0.50–0.70"",""pairs"":30,""signals"":113,""sampled"":16},{""band"":""0.30–0.50"",""pairs"":78,""signals"":159,""sampled"":15},{""band"":""< 0.30"",""pairs"":758,""signals"":2197,""sampled"":15}]",0,0
r017,B,0.30–0.50,0xbfeb6d4cf3eab6071e204219b0647c8224d63a12778df467311b5f2a4b3a5bd4|No,Will the Democrats win the Michigan Senate race in 2026?,No,politics,69,2,2026-11-04,https://polymarket.com/event/will-the-democrats-win-the-michigan-senate-race-in-2026,Will Democrats win the Senate race in Pennsylvania? Democratic party,0.4444444444444444,N,Yes / No / Democratic party,politics; Elections,occurrence_datetime=2029-01-03T15:00:00Z; close_time=2029-11-07T15:00:00Z; expected_expiration_time=2029-01-04T15:00:00Z; expiration_time=2029-11-07T15:00:00Z; latest_expiration_time=2029-11-07T15:00:00Z,"If a representative of the Democratic party is sworn in as a Senator of Pennsylvania for the term beginning in 2029, then the market resolves to Yes.",SENATEPA-28-D,https://kalshi.com/markets/senatepa,Will Carol Hafner qualify for the runoff in the 2026 Alaska Senate race?,0.2727272727272727,N,Yes / No / Carol Hafner,politics; Elections,occurrence_datetime=2026-09-01T17:00:00Z; close_time=2026-09-01T17:00:41Z; expected_expiration_time=2028-08-17T14:00:00Z; expiration_time=2028-08-17T14:00:00Z; latest_expiration_time=2028-08-17T14:00:00Z,"If Carol Hafner advances in the 2026 Alaska Senate race, then the market resolves to Yes.",KXAKSENADVANCE-26AUG18-CHAF,https://kalshi.com/markets/kxaksenadvance,Will Dustin Darden qualify for the runoff in the 2026 Alaska Senate race?,0.2727272727272727,N,Yes / No / Dustin Darden,politics; Elections,occurrence_datetime=2026-09-01T17:00:00Z; close_time=2026-09-01T17:00:41Z; expected_expiration_time=2028-08-17T14:00:00Z; expiration_time=2028-08-17T14:00:00Z; latest_expiration_time=2028-08-17T14:00:00Z,"If Dustin Darden advances in the 2026 Alaska Senate race, then the market resolves to Yes.",KXAKSENADVANCE-26AUG18-DDAR,https://kalshi.com/markets/kxaksenadvance,,unknown,,,,,,,,,,kalshi,phase4-0d-review-v1,"[{""band"":""≥ 0.90"",""pairs"":0,""signals"":0,""sampled"":0},{""band"":""0.70–0.90"",""pairs"":14,""signals"":76,""sampled"":14},{""band"":""0.50–0.70"",""pairs"":30,""signals"":113,""sampled"":16},{""band"":""0.30–0.50"",""pairs"":78,""signals"":159,""sampled"":15},{""band"":""< 0.30"",""pairs"":758,""signals"":2197,""sampled"":15}]",0,0
r018,B,0.30–0.50,0x1daed5e41e81f6247ca2b6ac2c284572c91886103ede7738e588553c1c90a46c|No,Will Carson Benge win the 2026 NL Rookie of the Year award?,No,culture_other,69.9,1,2026-12-19,https://polymarket.com/event/will-carson-benge-win-the-2026-nl-rookie-of-the-year-award,Will JuanesTeban win Album of the Year award at the 2026 Latin Grammy Awards?,0.3076923076923077,N,Yes / No / JuanesTeban,culture_other; Entertainment,occurrence_datetime=2026-11-14T04:59:00Z; close_time=2026-09-17T15:52:23Z; expected_expiration_time=2026-11-14T04:59:00Z; expiration_time=2027-11-13T15:00:00Z; latest_expiration_time=2027-11-13T15:00:00Z,"If JuanesTeban wins Album of the Year at the 2026 Latin Grammy Awards, then the market resolves to Yes.",KXLGRAM-26ALBOTY-JUA,https://kalshi.com/markets/kxlgram,Will LUX win Album of the Year award at the 2026 Latin Grammy Awards?,0.3076923076923077,N,Yes / No / LUX,culture_other; Entertainment,occurrence_datetime=2026-11-14T04:59:00Z; close_time=2027-11-13T15:00:00Z; expected_expiration_time=2026-11-14T04:59:00Z; expiration_time=2027-11-13T15:00:00Z; latest_expiration_time=2027-11-13T15:00:00Z,"If LUX wins Album of the Year at the 2026 Latin Grammy Awards, then the market resolves to Yes.",KXLGRAM-26ALBOTY-LUX,https://kalshi.com/markets/kxlgram,Will Taracá win Album of the Year award at the 2026 Latin Grammy Awards?,0.3076923076923077,N,Yes / No / Taracá,culture_other; Entertainment,occurrence_datetime=2026-11-14T04:59:00Z; close_time=2027-11-13T15:00:00Z; expected_expiration_time=2026-11-14T04:59:00Z; expiration_time=2027-11-13T15:00:00Z; latest_expiration_time=2027-11-13T15:00:00Z,"If Taracá wins Album of the Year at the 2026 Latin Grammy Awards, then the market resolves to Yes.",KXLGRAM-26ALBOTY-TAR,https://kalshi.com/markets/kxlgram,,unknown,,,,,,,,,,kalshi,phase4-0d-review-v1,"[{""band"":""≥ 0.90"",""pairs"":0,""signals"":0,""sampled"":0},{""band"":""0.70–0.90"",""pairs"":14,""signals"":76,""sampled"":14},{""band"":""0.50–0.70"",""pairs"":30,""signals"":113,""sampled"":16},{""band"":""0.30–0.50"",""pairs"":78,""signals"":159,""sampled"":15},{""band"":""< 0.30"",""pairs"":758,""signals"":2197,""sampled"":15}]",0,0
r019,A,0.50–0.70,0x7b22caeed454d3c7dbd07b83d8255c74e1482c4f958b4ba4dd0c27b864cd47a2|Yes,Will Luiz Inácio Lula da Silva qualify for Brazil's presidential runoff?,Yes,politics,70.4,6,2027-07-01,https://polymarket.com/event/will-luiz-incio-lula-da-silva-qualify-for-brazils-presidential-runoff,Will Luiz Inácio Lula da Silva qualify for the runoff in the 2026 Brazilian presidential election?,0.6153846153846154,N,Yes / No / Luiz Inácio Lula da Silva,politics; Elections,occurrence_datetime=2026-10-04T14:00:00Z; close_time=2028-10-03T14:00:00Z; expected_expiration_time=2027-01-01T05:00:00Z; expiration_time=2028-10-03T14:00:00Z; latest_expiration_time=2028-10-03T14:00:00Z,"If Luiz Inácio Lula da Silva is announced to qualify for the runoff in the 2026 Brazilian presidential election, then the market resolves to Yes.",KXBRPRESADVANCE-26OCT04-LSIL,https://kalshi.com/markets/kxbrpresadvance,"Will Luiz Inácio Lula da Silva leave President of Brazil before Jan 1, 2027?",0.375,N,Yes / No / Luiz Inácio Lula da Silva,politics; Politics,close_time=2027-01-02T03:17:48Z; expected_expiration_time=2027-01-01T15:00:00Z; expiration_time=2027-01-08T15:00:00Z; latest_expiration_time=2027-01-08T15:00:00Z; settlement_timer_seconds=1800,"If Luiz Inácio Lula da Silva has either officially announced their intention to leave as President of Brazil or has actually left President of Brazil before Jan 1, 2027, then the market resolves to Ye",KXLEADERSOUT-27JAN01-LSILBRA,https://kalshi.com/markets/kxleadersout,Will Luiz Inácio Lula da Silva finish 2nd in the first round of the 2026 Brazilian presidential election?,0.35294117647058826,N,Yes / No / Luiz Inácio Lula da Silva,politics; Elections,occurrence_datetime=2026-10-04T14:00:00Z; close_time=2027-10-04T14:00:00Z; expected_expiration_time=2027-01-01T05:00:00Z; expiration_time=2027-10-04T14:00:00Z; latest_expiration_time=2027-10-04T14:00:00Z,"If Luiz Inácio Lula da Silva finishes in 2nd place in the first round of the 2026 Brazilian presidential election according to the certified results, then the market resolves to Yes.",KXBRPRESIDENT2-BRPRES26-2-LSIL,https://kalshi.com/markets/kxbrpresident2,,unknown,,,,,,,,,,kalshi,phase4-0d-review-v1,"[{""band"":""≥ 0.90"",""pairs"":0,""signals"":0,""sampled"":0},{""band"":""0.70–0.90"",""pairs"":14,""signals"":76,""sampled"":14},{""band"":""0.50–0.70"",""pairs"":30,""signals"":113,""sampled"":16},{""band"":""0.30–0.50"",""pairs"":78,""signals"":159,""sampled"":15},{""band"":""< 0.30"",""pairs"":758,""signals"":2197,""sampled"":15}]",0,0
r020,B,0.30–0.50,0x08fcceb9a490332da07f63af3fb65f5816e441794964f3bb3ffb64845854d393|No,Will Alibaba have the best AI model at the end of October 2026?,No,culture_other,70,1,2026-10-31,https://polymarket.com/event/will-alibaba-have-the-best-ai-model-at-the-end-of-october-2026-20260811194841121,Will Alibaba have a top-ranked AI model before 2027?,0.3333333333333333,N,Yes / No / Alibaba,culture_other; Science and Technology,close_time=2027-01-01T15:00:00Z; expected_expiration_time=2027-01-02T15:00:00Z; expiration_time=2027-01-01T15:00:00Z; latest_expiration_time=2027-01-01T15:00:00Z; settlement_timer_seconds=300,"If Alibaba has a #1 ranked AI model before Jan 1, 2027, then the market resolves to Yes.",KXTOPAI-27-JAN01-ALIB,https://kalshi.com/markets/kxtopai,Which companies will have the top AI model before 2030? Alibaba,0.3076923076923077,N,Yes / No / Alibaba,culture_other; Science and Technology,event.strike_date=2030-01-01T04:59:00Z; occurrence_datetime=2030-01-01T04:59:00Z; close_time=2030-01-01T04:58:00Z; expected_expiration_time=2030-01-07T15:00:00Z; expiration_time=2030-01-07T15:00:00Z,"If Alibaba has the highest-ranked AI model on the applicable index before Jan 1, 2030, then the market resolves to Yes.",KXTOPLLMGENERAL-30JAN01-ALI,https://kalshi.com/markets/kxtopllmgeneral,2026 Grammy nominees for Best New Artist? Model/Actriz,0.23076923076923078,N,Yes / No / Model/Actriz,culture_other; Entertainment,close_time=2027-11-01T15:00:00Z; expected_expiration_time=2027-11-01T15:00:00Z; expiration_time=2027-11-01T15:00:00Z; latest_expiration_time=2027-11-01T15:00:00Z; settlement_timer_seconds=3600,"If Model/Actriz has been nominated for Best New Artist at the 69th Grammy Awards, then the market resolves to Yes.",KXGRAMMYNOMNAOTY-69-MOD,https://kalshi.com/markets/kxgrammynomnaoty,,unknown,,,,,,,,,,kalshi,phase4-0d-review-v1,"[{""band"":""≥ 0.90"",""pairs"":0,""signals"":0,""sampled"":0},{""band"":""0.70–0.90"",""pairs"":14,""signals"":76,""sampled"":14},{""band"":""0.50–0.70"",""pairs"":30,""signals"":113,""sampled"":16},{""band"":""0.30–0.50"",""pairs"":78,""signals"":159,""sampled"":15},{""band"":""< 0.30"",""pairs"":758,""signals"":2197,""sampled"":15}]",0,0
r021,A,0.50–0.70,0x023a8c2fd2a78c29c9748a44205e2cbe624d86c11ee41b81d4067ddbbf2a135f|Yes,Will Flavio Bolsonaro qualify for Brazil's presidential runoff?,Yes,politics,70.3,6,2027-07-01,https://polymarket.com/event/will-flavio-bolsonaro-qualify-for-brazils-presidential-runoff,Will Flavio Bolsonaro qualify for the runoff in the 2026 Brazilian presidential election?,0.5,N,Yes / No / Flavio Bolsonaro,politics; Elections,occurrence_datetime=2026-10-04T14:00:00Z; close_time=2028-10-03T14:00:00Z; expected_expiration_time=2027-01-01T05:00:00Z; expiration_time=2028-10-03T14:00:00Z; latest_expiration_time=2028-10-03T14:00:00Z,"If Flavio Bolsonaro is announced to qualify for the runoff in the 2026 Brazilian presidential election, then the market resolves to Yes.",KXBRPRESADVANCE-26OCT04-FBOL,https://kalshi.com/markets/kxbrpresadvance,Will Michelle Bolsonaro qualify for the runoff in the 2026 Brazilian presidential election?,0.36363636363636365,N,Yes / No / Michelle Bolsonaro,politics; Elections,occurrence_datetime=2026-10-04T14:00:00Z; close_time=2028-10-03T14:00:00Z; expected_expiration_time=2027-01-01T05:00:00Z; expiration_time=2028-10-03T14:00:00Z; latest_expiration_time=2028-10-03T14:00:00Z,"If Michelle Bolsonaro is announced to qualify for the runoff in the 2026 Brazilian presidential election, then the market resolves to Yes.",KXBRPRESADVANCE-26OCT04-MBOL,https://kalshi.com/markets/kxbrpresadvance,Will Brazil qualify for LA28 men's lacrosse?,0.3,N,Yes / No / Brazil,sports:other_sport; Sports,occurrence_datetime=2028-06-27T14:00:00Z; close_time=2028-08-01T14:00:00Z; expected_expiration_time=2028-06-27T14:00:00Z; expiration_time=2028-08-01T14:00:00Z; latest_expiration_time=2028-08-01T14:00:00Z,"If Brazil achieves qualification in the Men's Lacrosse competition for the Los Angeles 2028 Olympic Games, then the market resolves to Yes.",KXSOLAXQUAL-28-BRA,https://kalshi.com/markets/kxsolaxqual,,unknown,,,,,,,,,,kalshi,phase4-0d-review-v1,"[{""band"":""≥ 0.90"",""pairs"":0,""signals"":0,""sampled"":0},{""band"":""0.70–0.90"",""pairs"":14,""signals"":76,""sampled"":14},{""band"":""0.50–0.70"",""pairs"":30,""signals"":113,""sampled"":16},{""band"":""0.30–0.50"",""pairs"":78,""signals"":159,""sampled"":15},{""band"":""< 0.30"",""pairs"":758,""signals"":2197,""sampled"":15}]",0,0
r022,A,0.50–0.70,0x89438f85f7209f06e4ab025b8cda260d513ace94eb63379fd1efc6ff95a6ceff|Yes,Will Luis Inácio (Lula) da Silva win between 44% and 47% of the valid vote in the first round of the 2026 Brazilian presidential election?,Yes,politics,68.9,1,2026-10-05,https://polymarket.com/event/brazil-first-round-vote-share-lula-da-silva-44-47-20261002141337150,Will Luiz Inácio Lula da Silva finish 2nd in the first round of the 2026 Brazilian presidential election?,0.5,N,Yes / No / Luiz Inácio Lula da Silva,politics; Elections,occurrence_datetime=2026-10-04T14:00:00Z; close_time=2027-10-04T14:00:00Z; expected_expiration_time=2027-01-01T05:00:00Z; expiration_time=2027-10-04T14:00:00Z; latest_expiration_time=2027-10-04T14:00:00Z,"If Luiz Inácio Lula da Silva finishes in 2nd place in the first round of the 2026 Brazilian presidential election according to the certified results, then the market resolves to Yes.",KXBRPRESIDENT2-BRPRES26-2-LSIL,https://kalshi.com/markets/kxbrpresident2,Will Luiz Inácio Lula da Silva finish 3rd in the first round of the 2026 Brazilian presidential election?,0.5,N,Yes / No / Luiz Inácio Lula da Silva,politics; Elections,occurrence_datetime=2026-10-04T14:00:00Z; close_time=2027-10-04T14:00:00Z; expected_expiration_time=2027-01-01T05:00:00Z; expiration_time=2027-10-04T14:00:00Z; latest_expiration_time=2027-10-04T14:00:00Z,"If Luiz Inácio Lula da Silva finishes in 3rd place in the first round of the 2026 Brazilian presidential election according to the certified results, then the market resolves to Yes.",KXBRPRESIDENT3-BRPRES26-3-LSIL,https://kalshi.com/markets/kxbrpresident3,"Will the margin of victory for Lula da Silva in the first round of the 2026 Brazilian presidential election be between 10% and 15%? Lula da Silva, 10-15%",0.47619047619047616,N,"Yes / No / Lula da Silva, 10-15%",politics; Elections,occurrence_datetime=2027-10-04T14:00:00Z; close_time=2027-10-04T14:00:00Z; expected_expiration_time=2027-10-04T14:00:00Z; expiration_time=2027-10-04T14:00:00Z; latest_expiration_time=2027-10-04T14:00:00Z,"If the margin of victory for Lula da Silva in the first round of the 2026 Brazilian presidential election falls within 10% to 15%, inclusive of its lower bound and exclusive of its upper bound, then t",KXBRPRES1MOV-BRPRES26-LSIL-P12,https://kalshi.com/markets/kxbrpres1mov,,unknown,,,,,,,,,,kalshi,phase4-0d-review-v1,"[{""band"":""≥ 0.90"",""pairs"":0,""signals"":0,""sampled"":0},{""band"":""0.70–0.90"",""pairs"":14,""signals"":76,""sampled"":14},{""band"":""0.50–0.70"",""pairs"":30,""signals"":113,""sampled"":16},{""band"":""0.30–0.50"",""pairs"":78,""signals"":159,""sampled"":15},{""band"":""< 0.30"",""pairs"":758,""signals"":2197,""sampled"":15}]",0,0
r023,A,0.70–0.90,0xbc0070bd88b113d9beedbae5efd78df0e605ca029aff8ef470c881010c923a24|No,Will Augusto Cury finish in third place in the first round of the 2026 Brazilian presidential election?,No,politics,68.7,7,2027-07-01,https://polymarket.com/event/will-augusto-cury-finish-in-third-place-in-the-first-round-of-the-2026-brazilian-presidential-election,Will Augusto Cury finish 2nd in the first round of the 2026 Brazilian presidential election?,0.75,N,Yes / No / Augusto Cury,politics; Elections,occurrence_datetime=2026-10-04T14:00:00Z; close_time=2027-10-04T14:00:00Z; expected_expiration_time=2027-01-01T05:00:00Z; expiration_time=2027-10-04T14:00:00Z; latest_expiration_time=2027-10-04T14:00:00Z,"If Augusto Cury finishes in 2nd place in the first round of the 2026 Brazilian presidential election according to the certified results, then the market resolves to Yes.",KXBRPRESIDENT2-BRPRES26-2-ACUR,https://kalshi.com/markets/kxbrpresident2,Will Augusto Cury finish 3rd in the first round of the 2026 Brazilian presidential election?,0.75,N,Yes / No / Augusto Cury,politics; Elections,occurrence_datetime=2026-10-04T14:00:00Z; close_time=2027-10-04T14:00:00Z; expected_expiration_time=2027-01-01T05:00:00Z; expiration_time=2027-10-04T14:00:00Z; latest_expiration_time=2027-10-04T14:00:00Z,"If Augusto Cury finishes in 3rd place in the first round of the 2026 Brazilian presidential election according to the certified results, then the market resolves to Yes.",KXBRPRESIDENT3-BRPRES26-3-ACUR,https://kalshi.com/markets/kxbrpresident3,Will Aldo Rebelo finish 2nd in the first round of the 2026 Brazilian presidential election?,0.5,N,Yes / No / Aldo Rebelo,politics; Elections,occurrence_datetime=2026-10-04T14:00:00Z; close_time=2027-10-04T14:00:00Z; expected_expiration_time=2027-01-01T05:00:00Z; expiration_time=2027-10-04T14:00:00Z; latest_expiration_time=2027-10-04T14:00:00Z,"If Aldo Rebelo finishes in 2nd place in the first round of the 2026 Brazilian presidential election according to the certified results, then the market resolves to Yes.",KXBRPRESIDENT2-BRPRES26-2-AREB,https://kalshi.com/markets/kxbrpresident2,,unknown,,,,,,,,,,kalshi,phase4-0d-review-v1,"[{""band"":""≥ 0.90"",""pairs"":0,""signals"":0,""sampled"":0},{""band"":""0.70–0.90"",""pairs"":14,""signals"":76,""sampled"":14},{""band"":""0.50–0.70"",""pairs"":30,""signals"":113,""sampled"":16},{""band"":""0.30–0.50"",""pairs"":78,""signals"":159,""sampled"":15},{""band"":""< 0.30"",""pairs"":758,""signals"":2197,""sampled"":15}]",0,0
r024,C,< 0.30,0xcb9a575eba6affa0677ed576e8acb8738f1ce34b19be88c4a19235fa919fc43b|No,Will the highest temperature in Guangzhou be 35°C on September 28?,No,culture_other,68.2,1,2026-09-28,https://polymarket.com/event/highest-temperature-in-guangzhou-on-september-28-2026-35c,"Will the Hang Seng Index be at least HK$28,000 in September 2026?",0.14285714285714285,N,"Yes / No / At least HK$28,000",culture_other; Financials,occurrence_datetime=2026-09-30T15:00:00Z; close_time=2026-10-02T02:00:00Z; expected_expiration_time=2026-10-02T02:00:00Z; expiration_time=2026-10-09T02:00:00Z; latest_expiration_time=2026-10-09T02:00:00Z,"If the value of Hang Seng Index (HSI) is at least HK$28,000 from Sep 1, 2026 to Sep 30, 2026, then the market resolves to Yes.",KXHSI-26SEP30-28000,https://kalshi.com/markets/kxhsi,"Will the Hang Seng Index be at least HK$28,500 in September 2026?",0.14285714285714285,N,"Yes / No / At least HK$28,500",culture_other; Financials,occurrence_datetime=2026-09-30T15:00:00Z; close_time=2026-10-02T02:00:00Z; expected_expiration_time=2026-10-02T02:00:00Z; expiration_time=2026-10-09T02:00:00Z; latest_expiration_time=2026-10-09T02:00:00Z,"If the value of Hang Seng Index (HSI) is at least HK$28,500 from Sep 1, 2026 to Sep 30, 2026, then the market resolves to Yes.",KXHSI-26SEP30-28500,https://kalshi.com/markets/kxhsi,"When will SpaceX launch Dragon CRS-35? Before Aug 28, 2026",0.13333333333333333,N,"Yes / No / Before Aug 28, 2026",culture_other; Science and Technology,occurrence_datetime=2026-09-08T17:00:00Z; close_time=2026-08-28T03:59:00Z; expected_expiration_time=2027-01-08T15:00:00Z; expiration_time=2026-09-04T14:00:00Z; latest_expiration_time=2026-09-04T14:00:00Z,"If SpaceX launches Dragon CRS-35 After issuance and before Aug 28, 2026, then the market resolves to Yes.",KXSPCXLAUNCH-CRS35-26AUG28,https://kalshi.com/markets/kxspcxlaunch,,unknown,,,,,,,,,,kalshi,phase4-0d-review-v1,"[{""band"":""≥ 0.90"",""pairs"":0,""signals"":0,""sampled"":0},{""band"":""0.70–0.90"",""pairs"":14,""signals"":76,""sampled"":14},{""band"":""0.50–0.70"",""pairs"":30,""signals"":113,""sampled"":16},{""band"":""0.30–0.50"",""pairs"":78,""signals"":159,""sampled"":15},{""band"":""< 0.30"",""pairs"":758,""signals"":2197,""sampled"":15}]",0,0
r025,A,0.70–0.90,0xb8b5ba728577c752f2147f8a15a1710b39c70bafe5fa9536159725c7f09779c4|No,Will Gukesh Dommaraju win the 2026 World Chess Championship?,No,culture_other,69.9,1,2027-07-01,https://polymarket.com/event/will-gukesh-dommaraju-win-the-2026-world-chess-championship,Will the Gukesh Dommaraju win the World Chess Championship?,0.8571428571428571,N,Yes / No / Gukesh Dommaraju,sports:other_sport; Sports,close_time=2028-12-30T15:00:00Z; expected_expiration_time=2026-12-31T15:00:00Z; expiration_time=2028-12-30T15:00:00Z; latest_expiration_time=2028-12-30T15:00:00Z; settlement_timer_seconds=300,"If Gukesh Dommaraju wins the World Chess Championship, then the market resolves to Yes.",KXCHESSWORLDCHAMPION-CHESS26-GDOM,https://kalshi.com/markets/kxchessworldchampion,Will Andrey Esipenko win the World Chess Championship?,0.4444444444444444,N,Yes / No / Andrey Esipenko,sports:other_sport; Sports,close_time=2028-12-30T15:00:00Z; expected_expiration_time=2026-12-31T15:00:00Z; expiration_time=2028-12-30T15:00:00Z; latest_expiration_time=2028-12-30T15:00:00Z; settlement_timer_seconds=300,"If Andrey Esipenko wins the World Chess Championship, then the market resolves to Yes.",KXCHESSWORLDCHAMPION-CHESS26-AESI,https://kalshi.com/markets/kxchessworldchampion,Will Anish Giri win the World Chess Championship?,0.4444444444444444,N,Yes / No / Anish Giri,sports:other_sport; Sports,close_time=2028-12-30T15:00:00Z; expected_expiration_time=2026-12-31T15:00:00Z; expiration_time=2028-12-30T15:00:00Z; latest_expiration_time=2028-12-30T15:00:00Z; settlement_timer_seconds=300,"If Anish Giri wins the World Chess Championship, then the market resolves to Yes.",KXCHESSWORLDCHAMPION-CHESS26-AGIR,https://kalshi.com/markets/kxchessworldchampion,,unknown,,,,,,,,,,kalshi,phase4-0d-review-v1,"[{""band"":""≥ 0.90"",""pairs"":0,""signals"":0,""sampled"":0},{""band"":""0.70–0.90"",""pairs"":14,""signals"":76,""sampled"":14},{""band"":""0.50–0.70"",""pairs"":30,""signals"":113,""sampled"":16},{""band"":""0.30–0.50"",""pairs"":78,""signals"":159,""sampled"":15},{""band"":""< 0.30"",""pairs"":758,""signals"":2197,""sampled"":15}]",0,0
r026,C,< 0.30,0x7b628d483c957ea4c925f338a3718629785806d25d565ac1cbdfc214c620188e|Yes,Will Santos FC win on 2026-10-02?,Yes,sports:soccer,70.2,2,2026-10-02,https://polymarket.com/event/bra-sao-san-2026-10-02-san,Will Democratic win the 2028 presidential election by 1 to 10 Electoral College votes? Democratic by 1 to 10,0.14285714285714285,N,Yes / No / Democratic by 1 to 10,politics; Politics,event.strike_date=2028-11-07T15:00:00Z; occurrence_datetime=2029-01-08T15:00:00Z; close_time=2029-05-06T15:00:00Z; expected_expiration_time=2029-01-08T15:00:00Z; expiration_time=2029-05-06T15:00:00Z,"If Democratic wins the Electoral College vote in 2028 by a margin of between 1-10 votes above the second-place candidate, then the market resolves to Yes.",ECMOV-28NOV07-DEM1T10,https://kalshi.com/markets/ecmov,Will Republican win the 2028 presidential election by 1 to 10 Electoral College votes? Republican by 1 to 10,0.14285714285714285,N,Yes / No / Republican by 1 to 10,politics; Politics,event.strike_date=2028-11-07T15:00:00Z; occurrence_datetime=2029-01-08T15:00:00Z; close_time=2029-05-06T15:00:00Z; expected_expiration_time=2029-01-08T15:00:00Z; expiration_time=2029-05-06T15:00:00Z,"If Republican wins the Electoral College vote in 2028 by a margin of between 1-10 votes above the second-place candidate, then the market resolves to Yes.",ECMOV-28NOV07-REP1T10,https://kalshi.com/markets/ecmov,Will Keith Gross receive at least 10% of the popular vote in the FL-02 Republican primary?,0.13333333333333333,N,Yes / No / At least 10%,politics; Elections,occurrence_datetime=2026-08-27T00:45:00Z; close_time=2026-08-27T00:53:35Z; expected_expiration_time=2027-08-18T14:00:00Z; expiration_time=2027-08-18T14:00:00Z; latest_expiration_time=2027-08-18T14:00:00Z,"If the certified percentage of the popular vote received by Keith Gross in the FL-02 Republican primary is 10% to 100%, inclusive of both endpoints, then the market resolves to Yes.",KXVOTEPRIMARY-FLPRIMARY02R26KGRO-10,https://kalshi.com/markets/kxvoteprimary,,unknown,,,,,,,,,,kalshi,phase4-0d-review-v1,"[{""band"":""≥ 0.90"",""pairs"":0,""signals"":0,""sampled"":0},{""band"":""0.70–0.90"",""pairs"":14,""signals"":76,""sampled"":14},{""band"":""0.50–0.70"",""pairs"":30,""signals"":113,""sampled"":16},{""band"":""0.30–0.50"",""pairs"":78,""signals"":159,""sampled"":15},{""band"":""< 0.30"",""pairs"":758,""signals"":2197,""sampled"":15}]",0,0
r027,C,< 0.30,0x039c70c227e4738a3f35b03b54f7400da70000000000000000000000000000|,Spread: Jets (-6.5) AND Chiefs vs. Dolphins AND Seahawks vs. Commanders AND Chargers vs. Bills,,sports:other_sport,85,1,,,Chicago WS vs Cleveland Division Series Game Spread: Cleveland -1.5 games,0.11764705882352941,N,Yes / No / Cleveland -1.5 games,sports:baseball; Sports,occurrence_datetime=2026-10-18T17:00:00Z; close_time=2026-10-31T17:00:00Z; expected_expiration_time=2026-10-18T17:00:00Z; expiration_time=2026-10-31T17:00:00Z; latest_expiration_time=2026-10-31T17:00:00Z,"If Cleveland wins by more than 1.5 games in the Chicago WS vs Cleveland Division Series in the 2026 Pro Baseball Playoffs, then the market resolves to Yes.",KXMLBSERIESSPREAD-26CWSCLEALDS-CLE2,https://kalshi.com/markets/kxmlbseriesspread,Chicago WS vs Cleveland Division Series Game Spread: Cleveland -2.5 games,0.11764705882352941,N,Yes / No / Cleveland -2.5 games,sports:baseball; Sports,occurrence_datetime=2026-10-18T17:00:00Z; close_time=2026-10-04T04:23:18Z; expected_expiration_time=2026-10-18T17:00:00Z; expiration_time=2026-10-31T17:00:00Z; latest_expiration_time=2026-10-31T17:00:00Z,"If Cleveland wins by more than 2.5 games in the Chicago WS vs Cleveland Division Series in the 2026 Pro Baseball Playoffs, then the market resolves to Yes.",KXMLBSERIESSPREAD-26CWSCLEALDS-CLE3,https://kalshi.com/markets/kxmlbseriesspread,Chicago WS vs Cleveland Division Series Game Spread: Chicago WS -1.5 games,0.11764705882352941,N,Yes / No / Chicago WS -1.5 games,sports:baseball; Sports,occurrence_datetime=2026-10-18T17:00:00Z; close_time=2026-10-31T17:00:00Z; expected_expiration_time=2026-10-18T17:00:00Z; expiration_time=2026-10-31T17:00:00Z; latest_expiration_time=2026-10-31T17:00:00Z,"If Chicago WS wins by more than 1.5 games in the Chicago WS vs Cleveland Division Series in the 2026 Pro Baseball Playoffs, then the market resolves to Yes.",KXMLBSERIESSPREAD-26CWSCLEALDS-CWS2,https://kalshi.com/markets/kxmlbseriesspread,,unknown,,,,,,,,,,kalshi,phase4-0d-review-v1,"[{""band"":""≥ 0.90"",""pairs"":0,""signals"":0,""sampled"":0},{""band"":""0.70–0.90"",""pairs"":14,""signals"":76,""sampled"":14},{""band"":""0.50–0.70"",""pairs"":30,""signals"":113,""sampled"":16},{""band"":""0.30–0.50"",""pairs"":78,""signals"":159,""sampled"":15},{""band"":""< 0.30"",""pairs"":758,""signals"":2197,""sampled"":15}]",0,0
r028,C,< 0.30,0x03eee076b73dfac8c76c8313991c0b4f540000000000000000000000000000|,"Japan Open Tennis Championships, Qualification: Stefanos Tsitsipas vs Rinky Hijikata AND China Open, Qualification: Tomas Machac vs Arthur Gea AND China Open, Qualification: Elsa Jacquemot vs Vivian Wolff",,politics,85,1,,,ATP Beijing: Arthur Gea wins,0.09090909090909091,N,Yes / No / Arthur Gea,sports:tennis; Sports,occurrence_datetime=2026-10-26T06:00:00Z; close_time=2026-10-02T16:52:46Z; expected_expiration_time=2026-10-26T06:00:00Z; expiration_time=2026-11-09T03:00:00Z; latest_expiration_time=2026-11-09T03:00:00Z,"If Arthur Gea wins the 2026 ATP Beijing professional tennis tournament, then the market resolves to Yes.",KXATP-26BEIJIN-GEA,https://kalshi.com/markets/kxatp,ATP Beijing: Tomas Machac wins,0.09090909090909091,N,Yes / No / Tomas Machac,sports:tennis; Sports,occurrence_datetime=2026-10-26T06:00:00Z; close_time=2026-10-01T15:41:04Z; expected_expiration_time=2026-10-26T06:00:00Z; expiration_time=2026-11-09T03:00:00Z; latest_expiration_time=2026-11-09T03:00:00Z,"If Tomas Machac wins the 2026 ATP Beijing professional tennis tournament, then the market resolves to Yes.",KXATP-26BEIJIN-MAC,https://kalshi.com/markets/kxatp,ATP Hangzhou: Rinky Hijikata wins,0.09090909090909091,N,Yes / No / Rinky Hijikata,sports:tennis; Sports,occurrence_datetime=2026-10-20T07:00:00Z; close_time=2026-09-25T15:00:11Z; expected_expiration_time=2026-10-20T07:00:00Z; expiration_time=2026-11-03T04:00:00Z; latest_expiration_time=2026-11-03T04:00:00Z,"If Rinky Hijikata wins the 2026 ATP Hangzhou professional tennis tournament, then the market resolves to Yes.",KXATP-26HANGZH-HIJ,https://kalshi.com/markets/kxatp,,unknown,,,,,,,,,,kalshi,phase4-0d-review-v1,"[{""band"":""≥ 0.90"",""pairs"":0,""signals"":0,""sampled"":0},{""band"":""0.70–0.90"",""pairs"":14,""signals"":76,""sampled"":14},{""band"":""0.50–0.70"",""pairs"":30,""signals"":113,""sampled"":16},{""band"":""0.30–0.50"",""pairs"":78,""signals"":159,""sampled"":15},{""band"":""< 0.30"",""pairs"":758,""signals"":2197,""sampled"":15}]",0,0
r029,C,< 0.30,0x4eeac05793b4983b58aa73bb21f17d2db3573378f71c3544a397f7085e115436|Radu Albot,Porto 2: Petr Nesterov vs Radu Albot,Radu Albot,sports:tennis,69.3,2,2026-10-04,https://polymarket.com/event/atp-nestero-albot-2026-09-27,Chicago WS vs Cleveland Division Series Exact Score: Cleveland wins 3-2 CLE wins 3-2,0.11764705882352941,N,Yes / No / CLE wins 3-2,sports:baseball; Sports,occurrence_datetime=2026-10-18T17:00:00Z; close_time=2026-10-31T17:00:00Z; expected_expiration_time=2026-10-18T17:00:00Z; expiration_time=2026-10-31T17:00:00Z; latest_expiration_time=2026-10-31T17:00:00Z,"If the series score is Cleveland wins 3-2 in the Chicago WS vs Cleveland Division Series in the 2026 Pro Baseball Playoffs, then the market resolves to Yes.",KXMLBSERIESSCORE-26CWSCLEALDS-CLE32,https://kalshi.com/markets/kxmlbseriesscore,Chicago WS vs Cleveland Division Series Exact Score: Chicago WS wins 3-2 CWS wins 3-2,0.11764705882352941,N,Yes / No / CWS wins 3-2,sports:baseball; Sports,occurrence_datetime=2026-10-18T17:00:00Z; close_time=2026-10-31T17:00:00Z; expected_expiration_time=2026-10-18T17:00:00Z; expiration_time=2026-10-31T17:00:00Z; latest_expiration_time=2026-10-31T17:00:00Z,"If the series score is Chicago WS wins 3-2 in the Chicago WS vs Cleveland Division Series in the 2026 Pro Baseball Playoffs, then the market resolves to Yes.",KXMLBSERIESSCORE-26CWSCLEALDS-CWS32,https://kalshi.com/markets/kxmlbseriesscore,San Diego vs Milwaukee Division Series Exact Score: Milwaukee wins 3-2 MIL wins 3-2,0.11764705882352941,N,Yes / No / MIL wins 3-2,sports:baseball; Sports,occurrence_datetime=2026-10-19T00:30:00Z; close_time=2026-11-01T00:30:00Z; expected_expiration_time=2026-10-19T00:30:00Z; expiration_time=2026-11-01T00:30:00Z; latest_expiration_time=2026-11-01T00:30:00Z,"If the series score is Milwaukee wins 3-2 in the San Diego vs Milwaukee Division Series in the 2026 Pro Baseball Playoffs, then the market resolves to Yes.",KXMLBSERIESSCORE-26SDMILNLDS-MIL32,https://kalshi.com/markets/kxmlbseriesscore,,unknown,,,,,,,,,,kalshi,phase4-0d-review-v1,"[{""band"":""≥ 0.90"",""pairs"":0,""signals"":0,""sampled"":0},{""band"":""0.70–0.90"",""pairs"":14,""signals"":76,""sampled"":14},{""band"":""0.50–0.70"",""pairs"":30,""signals"":113,""sampled"":16},{""band"":""0.30–0.50"",""pairs"":78,""signals"":159,""sampled"":15},{""band"":""< 0.30"",""pairs"":758,""signals"":2197,""sampled"":15}]",0,0
r030,A,0.70–0.90,0xdf8e2dc5860027decbe6164555c3c1c9645c3bd33e16b9dc57ca87125047d4a8|Yes,Will Luiz Inácio Lula da Silva win the 2026 Brazilian presidential election?,Yes,politics,70.4,6,2026-10-04,https://polymarket.com/event/will-luiz-incio-lula-da-silva-win-the-2026-brazilian-presidential-election,Will Luiz Inácio Lula da Silva qualify for the runoff in the 2026 Brazilian presidential election?,0.75,Y,Yes / No / Luiz Inácio Lula da Silva,politics; Elections,occurrence_datetime=2026-10-04T14:00:00Z; close_time=2028-10-03T14:00:00Z; expected_expiration_time=2027-01-01T05:00:00Z; expiration_time=2028-10-03T14:00:00Z; latest_expiration_time=2028-10-03T14:00:00Z,"If Luiz Inácio Lula da Silva is announced to qualify for the runoff in the 2026 Brazilian presidential election, then the market resolves to Yes.",KXBRPRESADVANCE-26OCT04-LSIL,https://kalshi.com/markets/kxbrpresadvance,Will Luiz Inácio Lula da Silva finish 2nd in the first round of the 2026 Brazilian presidential election?,0.6428571428571429,N,Yes / No / Luiz Inácio Lula da Silva,politics; Elections,occurrence_datetime=2026-10-04T14:00:00Z; close_time=2027-10-04T14:00:00Z; expected_expiration_time=2027-01-01T05:00:00Z; expiration_time=2027-10-04T14:00:00Z; latest_expiration_time=2027-10-04T14:00:00Z,"If Luiz Inácio Lula da Silva finishes in 2nd place in the first round of the 2026 Brazilian presidential election according to the certified results, then the market resolves to Yes.",KXBRPRESIDENT2-BRPRES26-2-LSIL,https://kalshi.com/markets/kxbrpresident2,Will Luiz Inácio Lula da Silva finish 3rd in the first round of the 2026 Brazilian presidential election?,0.6428571428571429,N,Yes / No / Luiz Inácio Lula da Silva,politics; Elections,occurrence_datetime=2026-10-04T14:00:00Z; close_time=2027-10-04T14:00:00Z; expected_expiration_time=2027-01-01T05:00:00Z; expiration_time=2027-10-04T14:00:00Z; latest_expiration_time=2027-10-04T14:00:00Z,"If Luiz Inácio Lula da Silva finishes in 3rd place in the first round of the 2026 Brazilian presidential election according to the certified results, then the market resolves to Yes.",KXBRPRESIDENT3-BRPRES26-3-LSIL,https://kalshi.com/markets/kxbrpresident3,1,unknown,,,,,,,,,,kalshi,phase4-0d-review-v1,"[{""band"":""≥ 0.90"",""pairs"":0,""signals"":0,""sampled"":0},{""band"":""0.70–0.90"",""pairs"":14,""signals"":76,""sampled"":14},{""band"":""0.50–0.70"",""pairs"":30,""signals"":113,""sampled"":16},{""band"":""0.30–0.50"",""pairs"":78,""signals"":159,""sampled"":15},{""band"":""< 0.30"",""pairs"":758,""signals"":2197,""sampled"":15}]",0,0
r031,A,0.70–0.90,0x3dbbbe0f8e69b1aee0092e1eca397b24c954c00ecc54995035a8683201ad26aa|Yes,Will Ronaldo Caiado finish in third place in the first round of the 2026 Brazilian presidential election?,Yes,politics,68.9,3,2027-07-01,https://polymarket.com/event/will-ronaldo-caiado-finish-in-third-place-in-the-first-round-of-the-2026-brazilian-presidential-election,Will Ronaldo Caiado finish 2nd in the first round of the 2026 Brazilian presidential election?,0.75,N,Yes / No / Ronaldo Caiado,politics; Elections,occurrence_datetime=2026-10-04T14:00:00Z; close_time=2027-10-04T14:00:00Z; expected_expiration_time=2027-01-01T05:00:00Z; expiration_time=2027-10-04T14:00:00Z; latest_expiration_time=2027-10-04T14:00:00Z,"If Ronaldo Caiado finishes in 2nd place in the first round of the 2026 Brazilian presidential election according to the certified results, then the market resolves to Yes.",KXBRPRESIDENT2-BRPRES26-2-RCAI,https://kalshi.com/markets/kxbrpresident2,Will Ronaldo Caiado finish 3rd in the first round of the 2026 Brazilian presidential election?,0.75,N,Yes / No / Ronaldo Caiado,politics; Elections,occurrence_datetime=2026-10-04T14:00:00Z; close_time=2027-10-04T14:00:00Z; expected_expiration_time=2027-01-01T05:00:00Z; expiration_time=2027-10-04T14:00:00Z; latest_expiration_time=2027-10-04T14:00:00Z,"If Ronaldo Caiado finishes in 3rd place in the first round of the 2026 Brazilian presidential election according to the certified results, then the market resolves to Yes.",KXBRPRESIDENT3-BRPRES26-3-RCAI,https://kalshi.com/markets/kxbrpresident3,Will Augusto Cury finish 2nd in the first round of the 2026 Brazilian presidential election?,0.5,N,Yes / No / Augusto Cury,politics; Elections,occurrence_datetime=2026-10-04T14:00:00Z; close_time=2027-10-04T14:00:00Z; expected_expiration_time=2027-01-01T05:00:00Z; expiration_time=2027-10-04T14:00:00Z; latest_expiration_time=2027-10-04T14:00:00Z,"If Augusto Cury finishes in 2nd place in the first round of the 2026 Brazilian presidential election according to the certified results, then the market resolves to Yes.",KXBRPRESIDENT2-BRPRES26-2-ACUR,https://kalshi.com/markets/kxbrpresident2,,unknown,,,,,,,,,,kalshi,phase4-0d-review-v1,"[{""band"":""≥ 0.90"",""pairs"":0,""signals"":0,""sampled"":0},{""band"":""0.70–0.90"",""pairs"":14,""signals"":76,""sampled"":14},{""band"":""0.50–0.70"",""pairs"":30,""signals"":113,""sampled"":16},{""band"":""0.30–0.50"",""pairs"":78,""signals"":159,""sampled"":15},{""band"":""< 0.30"",""pairs"":758,""signals"":2197,""sampled"":15}]",0,0
r032,A,0.70–0.90,0xdbe93b5a701f36076a560fa4b9ba59e365a6e8e2ea6a83764640010657277ca4|No,Will Gadi Eizenkot be the next Prime Minister of Israel?,No,politics,68,8,2026-10-27,https://polymarket.com/event/will-gadi-eizenkot-be-the-next-prime-minister-of-israel,Will Gadi Eisenkot be the next Prime Minister of Israel?,0.7142857142857143,Y,Yes / No / Gadi Eisenkot,politics; Elections,close_time=2045-01-01T15:00:00Z; expected_expiration_time=2045-01-01T15:00:00Z; expiration_time=2045-01-01T15:00:00Z; latest_expiration_time=2045-01-01T15:00:00Z; settlement_timer_seconds=1800,"If the first new person to hold Prime Minister of Israel after Issuance is Gadi Eisenkot, then the market resolves to Yes.",KXNEXTISRAELPM-45JAN01-GEIS,https://kalshi.com/markets/kxnextisraelpm,Will Israel Katz be the next Prime Minister of Israel?,0.5714285714285714,N,Yes / No / Israel Katz,politics; Elections,close_time=2045-01-01T15:00:00Z; expected_expiration_time=2045-01-01T15:00:00Z; expiration_time=2045-01-01T15:00:00Z; latest_expiration_time=2045-01-01T15:00:00Z; settlement_timer_seconds=1800,"If the first new person to hold Prime Minister of Israel after Issuance is Israel Katz, then the market resolves to Yes.",KXNEXTISRAELPM-45JAN01-IKAT,https://kalshi.com/markets/kxnextisraelpm,Will Avigdor Lieberman be the next Prime Minister of Israel?,0.5,N,Yes / No / Avigdor Lieberman,politics; Elections,close_time=2045-01-01T15:00:00Z; expected_expiration_time=2045-01-01T15:00:00Z; expiration_time=2045-01-01T15:00:00Z; latest_expiration_time=2045-01-01T15:00:00Z; settlement_timer_seconds=1800,"If the first new person to hold Prime Minister of Israel after Issuance is Avigdor Lieberman, then the market resolves to Yes.",KXNEXTISRAELPM-45JAN01-ALIE,https://kalshi.com/markets/kxnextisraelpm,1,unknown,,,,,,,,,,kalshi,phase4-0d-review-v1,"[{""band"":""≥ 0.90"",""pairs"":0,""signals"":0,""sampled"":0},{""band"":""0.70–0.90"",""pairs"":14,""signals"":76,""sampled"":14},{""band"":""0.50–0.70"",""pairs"":30,""signals"":113,""sampled"":16},{""band"":""0.30–0.50"",""pairs"":78,""signals"":159,""sampled"":15},{""band"":""< 0.30"",""pairs"":758,""signals"":2197,""sampled"":15}]",0,0
r033,A,0.50–0.70,0xaaaea2bec390bc36745c64a58ff7f89c5adf982f440de53cab52129503783f66|No,Will Renan Santos win between 2% and 4% of the valid vote in the first round of the 2026 Brazilian presidential election?,No,politics,70.4,1,2026-10-04,https://polymarket.com/event/brazil-first-round-vote-share-renan-santos-2-4,Will Renan Santos finish 2nd in the first round of the 2026 Brazilian presidential election?,0.5,N,Yes / No / Renan Santos,politics; Elections,occurrence_datetime=2026-10-04T14:00:00Z; close_time=2027-10-04T14:00:00Z; expected_expiration_time=2027-01-01T05:00:00Z; expiration_time=2027-10-04T14:00:00Z; latest_expiration_time=2027-10-04T14:00:00Z,"If Renan Santos finishes in 2nd place in the first round of the 2026 Brazilian presidential election according to the certified results, then the market resolves to Yes.",KXBRPRESIDENT2-BRPRES26-2-RSAN,https://kalshi.com/markets/kxbrpresident2,Will Renan Santos finish 3rd in the first round of the 2026 Brazilian presidential election?,0.5,N,Yes / No / Renan Santos,politics; Elections,occurrence_datetime=2026-10-04T14:00:00Z; close_time=2027-10-04T14:00:00Z; expected_expiration_time=2027-01-01T05:00:00Z; expiration_time=2027-10-04T14:00:00Z; latest_expiration_time=2027-10-04T14:00:00Z,"If Renan Santos finishes in 3rd place in the first round of the 2026 Brazilian presidential election according to the certified results, then the market resolves to Yes.",KXBRPRESIDENT3-BRPRES26-3-RSAN,https://kalshi.com/markets/kxbrpresident3,Will the margin of victory for Renan Santos in the first round of the 2026 Brazilian presidential election be above 0%? Renan Santos wins,0.42105263157894735,N,Yes / No / Renan Santos wins,politics; Elections,occurrence_datetime=2027-10-04T14:00:00Z; close_time=2027-10-04T14:00:00Z; expected_expiration_time=2027-10-04T14:00:00Z; expiration_time=2027-10-04T14:00:00Z; latest_expiration_time=2027-10-04T14:00:00Z,"If the margin of victory for Renan Santos in the first round of the 2026 Brazilian presidential election falls within 0% to 100%, inclusive of its lower bound and exclusive of its upper bound, then th",KXBRPRES1MOV-BRPRES26-RSAN-P50,https://kalshi.com/markets/kxbrpres1mov,,unknown,,,,,,,,,,kalshi,phase4-0d-review-v1,"[{""band"":""≥ 0.90"",""pairs"":0,""signals"":0,""sampled"":0},{""band"":""0.70–0.90"",""pairs"":14,""signals"":76,""sampled"":14},{""band"":""0.50–0.70"",""pairs"":30,""signals"":113,""sampled"":16},{""band"":""0.30–0.50"",""pairs"":78,""signals"":159,""sampled"":15},{""band"":""< 0.30"",""pairs"":758,""signals"":2197,""sampled"":15}]",0,0
r034,C,< 0.30,0x64e5cf1c70bcd5295405002bfff7d4ae3c33306aacc11732fe707b5585063928|Yes,Will Bolivia vs. Gambia end in a draw?,Yes,culture_other,69.3,7,2026-10-04,https://polymarket.com/event/fif-bol-gam-2026-10-04-draw,Will Bolivia win the 2028 Copa America?,0.1111111111111111,N,Yes / No / Bolivia,sports:other_sport; Sports,occurrence_datetime=2028-08-01T14:19:00Z; close_time=2028-08-15T14:19:00Z; expected_expiration_time=2028-08-01T14:19:00Z; expiration_time=2028-08-15T14:19:00Z; latest_expiration_time=2028-08-15T14:19:00Z,"If Bolivia is the 2028 Copa America champion, then the market resolves to Yes.",KXCOPAAMERICA-28-BOL,https://kalshi.com/markets/kxcopaamerica,Will the price of DDR5 be above $105 at year-end 2027? Above $105.00,0.08333333333333333,N,Yes / No / Above $105.00,culture_other; Financials,event.strike_date=2027-12-31T21:00:00Z; occurrence_datetime=2027-12-31T21:00:00Z; close_time=2027-12-31T21:00:00Z; expected_expiration_time=2027-12-31T21:00:00Z; expiration_time=2028-01-07T21:00:00Z,"If the session average price of DDR5 16Gb (2Gx8) 4800/5600 is above $105 on Dec 31, 2027, then the market resolves to Yes.",KXDRAMAY-27DEC31-105.00,https://kalshi.com/markets/kxdramay,Will the price of DDR5 be above $25 at year-end 2027? Above $25.00,0.08333333333333333,N,Yes / No / Above $25.00,culture_other; Financials,event.strike_date=2027-12-31T21:00:00Z; occurrence_datetime=2027-12-31T21:00:00Z; close_time=2027-12-31T21:00:00Z; expected_expiration_time=2027-12-31T21:00:00Z; expiration_time=2028-01-07T21:00:00Z,"If the session average price of DDR5 16Gb (2Gx8) 4800/5600 is above $25 on Dec 31, 2027, then the market resolves to Yes.",KXDRAMAY-27DEC31-25.00,https://kalshi.com/markets/kxdramay,,unknown,,,,,,,,,,kalshi,phase4-0d-review-v1,"[{""band"":""≥ 0.90"",""pairs"":0,""signals"":0,""sampled"":0},{""band"":""0.70–0.90"",""pairs"":14,""signals"":76,""sampled"":14},{""band"":""0.50–0.70"",""pairs"":30,""signals"":113,""sampled"":16},{""band"":""0.30–0.50"",""pairs"":78,""signals"":159,""sampled"":15},{""band"":""< 0.30"",""pairs"":758,""signals"":2197,""sampled"":15}]",0,0
r035,A,0.50–0.70,0x0c9ada12c527451fbdd43c0397a8a006b8aaf2a01567ae069d37220b51937595|No,Will Karen Bass win the 2026 Los Angeles mayoral election?,No,politics,69,1,2026-12-31,https://polymarket.com/event/will-karen-bass-win-the-2026-los-angeles-mayoral-election,"Will the margin of victory for Karen Bass in the 2026 Los Angeles mayoral election be above 2%? Karen Bass, ≥2%",0.5833333333333334,N,"Yes / No / Karen Bass, ≥2%",politics; Elections,occurrence_datetime=2027-11-03T15:00:00Z; close_time=2027-11-03T15:00:00Z; expected_expiration_time=2027-11-03T15:00:00Z; expiration_time=2027-11-03T15:00:00Z; latest_expiration_time=2027-11-03T15:00:00Z,"If the margin of victory for Karen Bass in the 2026 Los Angeles mayoral election falls within 2% to 100%, inclusive of its lower bound and exclusive of its upper bound, then the market resolves to Yes",KXLAMOV-KXMAYORLA26KBAS-KBAS-P51,https://kalshi.com/markets/kxlamov,"Will the margin of victory for Karen Bass in the 2026 Los Angeles mayoral election be above 4%? Karen Bass, ≥4%",0.5833333333333334,N,"Yes / No / Karen Bass, ≥4%",politics; Elections,occurrence_datetime=2027-11-03T15:00:00Z; close_time=2027-11-03T15:00:00Z; expected_expiration_time=2027-11-03T15:00:00Z; expiration_time=2027-11-03T15:00:00Z; latest_expiration_time=2027-11-03T15:00:00Z,"If the margin of victory for Karen Bass in the 2026 Los Angeles mayoral election falls within 4% to 100%, inclusive of its lower bound and exclusive of its upper bound, then the market resolves to Yes",KXLAMOV-KXMAYORLA26KBAS-KBAS-P52,https://kalshi.com/markets/kxlamov,"Will the margin of victory for Karen Bass in the 2026 Los Angeles mayoral election be above 6%? Karen Bass, ≥6%",0.5833333333333334,N,"Yes / No / Karen Bass, ≥6%",politics; Elections,occurrence_datetime=2027-11-03T15:00:00Z; close_time=2027-11-03T15:00:00Z; expected_expiration_time=2027-11-03T15:00:00Z; expiration_time=2027-11-03T15:00:00Z; latest_expiration_time=2027-11-03T15:00:00Z,"If the margin of victory for Karen Bass in the 2026 Los Angeles mayoral election falls within 6% to 100%, inclusive of its lower bound and exclusive of its upper bound, then the market resolves to Yes",KXLAMOV-KXMAYORLA26KBAS-KBAS-P53,https://kalshi.com/markets/kxlamov,,unknown,,,,,,,,,,kalshi,phase4-0d-review-v1,"[{""band"":""≥ 0.90"",""pairs"":0,""signals"":0,""sampled"":0},{""band"":""0.70–0.90"",""pairs"":14,""signals"":76,""sampled"":14},{""band"":""0.50–0.70"",""pairs"":30,""signals"":113,""sampled"":16},{""band"":""0.30–0.50"",""pairs"":78,""signals"":159,""sampled"":15},{""band"":""< 0.30"",""pairs"":758,""signals"":2197,""sampled"":15}]",0,0
r036,B,0.30–0.50,0x2d26d82cb4da10251d952e51dfd2bc48cf54cb69692c351f83f3ab06a544ec84|Yes,France vs. Italy: Both Teams to Score,Yes,culture_other,72.5,1,2026-10-02,https://polymarket.com/event/unl-fra-ita-2026-10-02-btts,Both teams to score in the 2nd quarter Both teams score,0.375,N,Yes / No / Both teams score,sports:american_football; Sports,occurrence_datetime=2026-10-04T23:25:00Z; close_time=2026-10-04T22:07:29Z; expected_expiration_time=2026-10-04T23:25:00Z; expiration_time=2026-10-06T20:25:00Z; latest_expiration_time=2026-10-06T20:25:00Z,"If Kansas City and Las Vegas both score points in the 2nd quarter of the Kansas City vs Las Vegas Pro Football game originally scheduled for Oct 4, 2026, then the market resolves to Yes.",KXNFL2QBTTS-26OCT04KCLV-Y,https://kalshi.com/markets/kxnfl2qbtts,Chicago WS vs Cleveland Division Series Exact Score: Cleveland wins 3-0 CLE wins 3-0,0.125,N,Yes / No / CLE wins 3-0,sports:baseball; Sports,occurrence_datetime=2026-10-18T17:00:00Z; close_time=2026-10-04T04:23:18Z; expected_expiration_time=2026-10-18T17:00:00Z; expiration_time=2026-10-31T17:00:00Z; latest_expiration_time=2026-10-31T17:00:00Z,"If the series score is Cleveland wins 3-0 in the Chicago WS vs Cleveland Division Series in the 2026 Pro Baseball Playoffs, then the market resolves to Yes.",KXMLBSERIESSCORE-26CWSCLEALDS-CLE30,https://kalshi.com/markets/kxmlbseriesscore,Chicago WS vs Cleveland Division Series Exact Score: Cleveland wins 3-1 CLE wins 3-1,0.125,N,Yes / No / CLE wins 3-1,sports:baseball; Sports,occurrence_datetime=2026-10-18T17:00:00Z; close_time=2026-10-31T17:00:00Z; expected_expiration_time=2026-10-18T17:00:00Z; expiration_time=2026-10-31T17:00:00Z; latest_expiration_time=2026-10-31T17:00:00Z,"If the series score is Cleveland wins 3-1 in the Chicago WS vs Cleveland Division Series in the 2026 Pro Baseball Playoffs, then the market resolves to Yes.",KXMLBSERIESSCORE-26CWSCLEALDS-CLE31,https://kalshi.com/markets/kxmlbseriesscore,,unknown,,,,,,,,,,kalshi,phase4-0d-review-v1,"[{""band"":""≥ 0.90"",""pairs"":0,""signals"":0,""sampled"":0},{""band"":""0.70–0.90"",""pairs"":14,""signals"":76,""sampled"":14},{""band"":""0.50–0.70"",""pairs"":30,""signals"":113,""sampled"":16},{""band"":""0.30–0.50"",""pairs"":78,""signals"":159,""sampled"":15},{""band"":""< 0.30"",""pairs"":758,""signals"":2197,""sampled"":15}]",0,0
r037,A,0.50–0.70,0x087469b4129c64c688397028059dfd366796adbd426e0079ee4cfdd2e4a07b61|No,Will any presidential candidate win outright in the first round of the Brazil election?,No,politics,68.9,8,2027-07-01,https://polymarket.com/event/will-any-presidential-candidate-win-outright-in-the-first-round-of-the-brazil-election,Will anyone win outright in the first round of the 2026 Brazil Presidential election? Yes,0.5833333333333334,N,Yes / No,politics; Elections,occurrence_datetime=2026-10-04T14:00:00Z; close_time=2027-10-04T14:00:00Z; expected_expiration_time=2027-01-01T05:00:00Z; expiration_time=2027-10-04T14:00:00Z; latest_expiration_time=2027-10-04T14:00:00Z,"If any candidate receives the required threshold of votes (50%) to be declared the winner after the first round of the 2026 Brazil Presidential election, eliminating the need for any subsequent rounds",KXBRAZILPRES1R-26OCT04,https://kalshi.com/markets/kxbrazilpres1r,Will Bernard Cazeneuve appear on the official candidate list for the first round of the 2027 French presidential election?,0.3125,N,Yes / No / Bernard Cazeneuve,politics; Elections,occurrence_datetime=2027-06-30T14:00:00Z; close_time=2027-06-30T14:00:00Z; expected_expiration_time=2027-06-30T14:00:00Z; expiration_time=2027-06-30T14:00:00Z; latest_expiration_time=2027-06-30T14:00:00Z,"If Bernard Cazeneuve is officially certified, approved, or confirmed to appear on the official candidate list for the first round of the 2027 French presidential election before Jun 30, 2027, then the",KXFRPRESBALLOT-27JUN30-BCAZ,https://kalshi.com/markets/kxfrpresballot,Will Bruno Retailleau appear on the official candidate list for the first round of the 2027 French presidential election?,0.3125,N,Yes / No / Bruno Retailleau,politics; Elections,occurrence_datetime=2027-06-30T14:00:00Z; close_time=2027-06-30T14:00:00Z; expected_expiration_time=2027-06-30T14:00:00Z; expiration_time=2027-06-30T14:00:00Z; latest_expiration_time=2027-06-30T14:00:00Z,"If Bruno Retailleau is officially certified, approved, or confirmed to appear on the official candidate list for the first round of the 2027 French presidential election before Jun 30, 2027, then the",KXFRPRESBALLOT-27JUN30-BRET,https://kalshi.com/markets/kxfrpresballot,,unknown,,,,,,,,,,kalshi,phase4-0d-review-v1,"[{""band"":""≥ 0.90"",""pairs"":0,""signals"":0,""sampled"":0},{""band"":""0.70–0.90"",""pairs"":14,""signals"":76,""sampled"":14},{""band"":""0.50–0.70"",""pairs"":30,""signals"":113,""sampled"":16},{""band"":""0.30–0.50"",""pairs"":78,""signals"":159,""sampled"":15},{""band"":""< 0.30"",""pairs"":758,""signals"":2197,""sampled"":15}]",0,0
r038,B,0.30–0.50,0xf120ef5c3ef7015aa629f5963cc73c83f9ee05c9dc2290dc32aa076869098b29|No,Will Lighter reach $8 before 2027?,No,culture_other,70.6,2,2027-01-01,https://polymarket.com/event/will-lighter-reach-8-before-2027,Will the number of rate changes before 2027 be exactly 8?,0.3333333333333333,N,Yes / No / Exactly 8,culture_other; Economics,close_time=2027-01-01T04:59:00Z; expected_expiration_time=2027-04-01T06:30:00Z; expiration_time=2027-04-01T06:30:00Z; latest_expiration_time=2027-04-01T06:30:00Z; settlement_timer_seconds=1800,"If the number of rate changes before 2027 is exactly 8, then the market resolves to Yes.",KXFEDCHGCOUNT-27JAN01-E8,https://kalshi.com/markets/kxfedchgcount,When will IShowSpeed reach 100 million Youtube subscribers? Before 2027,0.2727272727272727,N,Yes / No / Before 2027,culture_other; Entertainment,close_time=2027-01-01T04:59:00Z; expected_expiration_time=2030-01-01T15:00:00Z; expiration_time=2027-01-08T15:00:00Z; latest_expiration_time=2027-01-08T15:00:00Z; settlement_timer_seconds=1800,"If @IShowSpeed has at least 100,000,000 subscribers before Jan 1, 2027, then the market resolves to Yes.",KXYTUBESUBSISHOWSPEED-27,https://kalshi.com/markets/kxytubesubsishowspeed,"Will the maximum SP500 value reach 7999.99 by Jan 1, 2027? 8,000 or above",0.23076923076923078,N,"Yes / No / 8,000 or above",culture_other; Financials,close_time=2027-01-01T11:00:00Z; expected_expiration_time=2027-01-01T05:00:00Z; expiration_time=2027-01-08T05:00:00Z; latest_expiration_time=2027-01-08T05:00:00Z; settlement_timer_seconds=1800,"If the value of the S&P 500 index value starting Jan 1, 2026 and ending before Jan 1, 2027 is above 7999.99, then the market resolves to Yes.",KXINXMAXY-01JAN2027-7999.99,https://kalshi.com/markets/kxinxmaxy,,unknown,,,,,,,,,,kalshi,phase4-0d-review-v1,"[{""band"":""≥ 0.90"",""pairs"":0,""signals"":0,""sampled"":0},{""band"":""0.70–0.90"",""pairs"":14,""signals"":76,""sampled"":14},{""band"":""0.50–0.70"",""pairs"":30,""signals"":113,""sampled"":16},{""band"":""0.30–0.50"",""pairs"":78,""signals"":159,""sampled"":15},{""band"":""< 0.30"",""pairs"":758,""signals"":2197,""sampled"":15}]",0,0
r039,C,< 0.30,0x4294c878419ad5d4de99f487fc5d702d6b2e698f2e5bf96fe1f1ad28d18d6549|Team Liquid,LoL: Team Liquid vs LYON (BO5) - LCS Playoffs,Team Liquid,esports,68.8,1,2026-10-05,https://polymarket.com/event/lol-tl2-ly-2026-10-04,Will Atlanta be scheduled to play against No Team in the first series Atlanta plays in during the 2026 Pro Baseball playoffs?,0.1,N,Yes / No / No Team,sports:baseball; Sports,occurrence_datetime=2026-11-01T14:00:00Z; close_time=2026-09-28T00:38:59Z; expected_expiration_time=2026-11-01T14:00:00Z; expiration_time=2026-11-08T14:00:00Z; latest_expiration_time=2026-11-08T14:00:00Z,"If No Team is scheduled to play against Atlanta in Atlanta's first playoff series in the 2026 Pro Baseball playoffs, then the market resolves to Yes.",KXMLBMATCHUP-ATL1ST26-NONE,https://kalshi.com/markets/kxmlbmatchup,Will Boston be scheduled to play against No Team in the first series Boston plays in during the 2026 Pro Baseball playoffs?,0.1,N,Yes / No / No Team,sports:baseball; Sports,occurrence_datetime=2026-11-01T14:00:00Z; close_time=2026-09-28T00:39:15Z; expected_expiration_time=2026-11-01T14:00:00Z; expiration_time=2026-11-08T14:00:00Z; latest_expiration_time=2026-11-08T14:00:00Z,"If No Team is scheduled to play against Boston in Boston's first playoff series in the 2026 Pro Baseball playoffs, then the market resolves to Yes.",KXMLBMATCHUP-BOS1ST26-NONE,https://kalshi.com/markets/kxmlbmatchup,Will Milwaukee be scheduled to play against No Team in the first series Milwaukee plays in during the 2026 Pro Baseball playoffs?,0.1,N,Yes / No / No Team,sports:baseball; Sports,occurrence_datetime=2026-11-01T14:00:00Z; close_time=2026-10-02T04:12:36Z; expected_expiration_time=2026-11-01T14:00:00Z; expiration_time=2026-11-08T14:00:00Z; latest_expiration_time=2026-11-08T14:00:00Z,"If No Team is scheduled to play against Milwaukee in Milwaukee's first playoff series in the 2026 Pro Baseball playoffs, then the market resolves to Yes.",KXMLBMATCHUP-MIL1ST26-NONE,https://kalshi.com/markets/kxmlbmatchup,,unknown,,,,,,,,,,kalshi,phase4-0d-review-v1,"[{""band"":""≥ 0.90"",""pairs"":0,""signals"":0,""sampled"":0},{""band"":""0.70–0.90"",""pairs"":14,""signals"":76,""sampled"":14},{""band"":""0.50–0.70"",""pairs"":30,""signals"":113,""sampled"":16},{""band"":""0.30–0.50"",""pairs"":78,""signals"":159,""sampled"":15},{""band"":""< 0.30"",""pairs"":758,""signals"":2197,""sampled"":15}]",0,0
r040,C,< 0.30,0x343925d2c8f238849e4b52f3d87e397242de2022b13666bec4e7ad893c50be57|No,Will Suverēnā Vara (SV) win the most seats in the 2026 Latvian parliamentary election?,No,politics,70.1,1,2026-10-04,https://polymarket.com/event/will-suvern-vara-sv-win-the-most-seats-in-the-2026-latvian-parliamentary-election,Will Arvils Ašeradens become Prime Minister of Latvia following the 2026 Latvian parliamentary election?,0.23529411764705882,N,Yes / No / Arvils Ašeradens,politics; Elections,occurrence_datetime=2027-10-03T14:00:00Z; close_time=2027-10-03T14:00:00Z; expected_expiration_time=2027-10-03T14:00:00Z; expiration_time=2027-10-03T14:00:00Z; latest_expiration_time=2027-10-03T14:00:00Z,"If Arvils Ašeradens becomes Prime Minister of Latvia as a result of government formation following the 2026 Latvian parliamentary election and meets all constitutional requirements before Oct 3, 2027,",KXLATVIAPM-26OCT03-AASE,https://kalshi.com/markets/kxlatviapm,Will Alvis Hermanis become Prime Minister of Latvia following the 2026 Latvian parliamentary election?,0.23529411764705882,N,Yes / No / Alvis Hermanis,politics; Elections,occurrence_datetime=2027-10-03T14:00:00Z; close_time=2027-10-03T14:00:00Z; expected_expiration_time=2027-10-03T14:00:00Z; expiration_time=2027-10-03T14:00:00Z; latest_expiration_time=2027-10-03T14:00:00Z,"If Alvis Hermanis becomes Prime Minister of Latvia as a result of government formation following the 2026 Latvian parliamentary election and meets all constitutional requirements before Oct 3, 2027, t",KXLATVIAPM-26OCT03-AHER,https://kalshi.com/markets/kxlatviapm,Will Andris Kulbergs become Prime Minister of Latvia following the 2026 Latvian parliamentary election?,0.23529411764705882,N,Yes / No / Andris Kulbergs,politics; Elections,occurrence_datetime=2027-10-03T14:00:00Z; close_time=2027-10-03T14:00:00Z; expected_expiration_time=2027-10-03T14:00:00Z; expiration_time=2027-10-03T14:00:00Z; latest_expiration_time=2027-10-03T14:00:00Z,"If Andris Kulbergs becomes Prime Minister of Latvia as a result of government formation following the 2026 Latvian parliamentary election and meets all constitutional requirements before Oct 3, 2027,",KXLATVIAPM-26OCT03-AKUL,https://kalshi.com/markets/kxlatviapm,,unknown,,,,,,,,,,kalshi,phase4-0d-review-v1,"[{""band"":""≥ 0.90"",""pairs"":0,""signals"":0,""sampled"":0},{""band"":""0.70–0.90"",""pairs"":14,""signals"":76,""sampled"":14},{""band"":""0.50–0.70"",""pairs"":30,""signals"":113,""sampled"":16},{""band"":""0.30–0.50"",""pairs"":78,""signals"":159,""sampled"":15},{""band"":""< 0.30"",""pairs"":758,""signals"":2197,""sampled"":15}]",0,0
r041,C,< 0.30,0x0349e1a034764baee23af51387112ebae00000000000000000000000000000|,Japan Open Tennis Championships: Taylor Fritz vs Jaume Munar AND Japan Open Tennis Championships: Brandon Nakashima vs Ugo Humbert AND Japan Open Tennis Championships: Kei Nishikori vs Frances Tiafoe,,sports:tennis,85,1,,,Tennis Grand Slam in 2027: Brandon Nakashima,0.15,N,Yes / No / Brandon Nakashima,sports:tennis; Sports,occurrence_datetime=2027-12-31T15:00:00Z; close_time=2027-12-31T04:59:00Z; expected_expiration_time=2027-12-31T15:00:00Z; expiration_time=2028-01-07T15:00:00Z; latest_expiration_time=2028-01-07T15:00:00Z,"If Brandon Nakashima wins a tennis major (the Australian Open, the French Open, Wimbledon, or the U.S. Open) after Issuance and before Dec 31, 2027, then the market resolves to Yes.",KXATPGRANDSLAM-27-BNAK,https://kalshi.com/markets/kxatpgrandslam,Tennis Grand Slam in 2027: Frances Tiafoe,0.15,N,Yes / No / Frances Tiafoe,sports:tennis; Sports,occurrence_datetime=2027-12-31T15:00:00Z; close_time=2027-12-31T04:59:00Z; expected_expiration_time=2027-12-31T15:00:00Z; expiration_time=2028-01-07T15:00:00Z; latest_expiration_time=2028-01-07T15:00:00Z,"If Frances Tiafoe wins a tennis major (the Australian Open, the French Open, Wimbledon, or the U.S. Open) after Issuance and before Dec 31, 2027, then the market resolves to Yes.",KXATPGRANDSLAM-27-FTIA,https://kalshi.com/markets/kxatpgrandslam,Tennis Grand Slam in 2027: Taylor Fritz,0.15,N,Yes / No / Taylor Fritz,sports:tennis; Sports,occurrence_datetime=2027-12-31T15:00:00Z; close_time=2027-12-31T04:59:00Z; expected_expiration_time=2027-12-31T15:00:00Z; expiration_time=2028-01-07T15:00:00Z; latest_expiration_time=2028-01-07T15:00:00Z,"If Taylor Fritz wins a tennis major (the Australian Open, the French Open, Wimbledon, or the U.S. Open) after Issuance and before Dec 31, 2027, then the market resolves to Yes.",KXATPGRANDSLAM-27-TFRI,https://kalshi.com/markets/kxatpgrandslam,,unknown,,,,,,,,,,kalshi,phase4-0d-review-v1,"[{""band"":""≥ 0.90"",""pairs"":0,""signals"":0,""sampled"":0},{""band"":""0.70–0.90"",""pairs"":14,""signals"":76,""sampled"":14},{""band"":""0.50–0.70"",""pairs"":30,""signals"":113,""sampled"":16},{""band"":""0.30–0.50"",""pairs"":78,""signals"":159,""sampled"":15},{""band"":""< 0.30"",""pairs"":758,""signals"":2197,""sampled"":15}]",0,0
r042,A,0.50–0.70,0x8f5d59fa0b74f16fc0853e6de33cf99d3a0a406f4d493ff3440f5e4d36a964b0|No,Will Augusto Cury win between 4% and 6% of the valid vote in the first round of the 2026 Brazilian presidential election?,No,politics,68.9,2,2026-10-04,https://polymarket.com/event/brazil-first-round-vote-share-augusto-cury-4-6,Will Augusto Cury finish 2nd in the first round of the 2026 Brazilian presidential election?,0.5,N,Yes / No / Augusto Cury,politics; Elections,occurrence_datetime=2026-10-04T14:00:00Z; close_time=2027-10-04T14:00:00Z; expected_expiration_time=2027-01-01T05:00:00Z; expiration_time=2027-10-04T14:00:00Z; latest_expiration_time=2027-10-04T14:00:00Z,"If Augusto Cury finishes in 2nd place in the first round of the 2026 Brazilian presidential election according to the certified results, then the market resolves to Yes.",KXBRPRESIDENT2-BRPRES26-2-ACUR,https://kalshi.com/markets/kxbrpresident2,Will Augusto Cury finish 3rd in the first round of the 2026 Brazilian presidential election?,0.5,N,Yes / No / Augusto Cury,politics; Elections,occurrence_datetime=2026-10-04T14:00:00Z; close_time=2027-10-04T14:00:00Z; expected_expiration_time=2027-01-01T05:00:00Z; expiration_time=2027-10-04T14:00:00Z; latest_expiration_time=2027-10-04T14:00:00Z,"If Augusto Cury finishes in 3rd place in the first round of the 2026 Brazilian presidential election according to the certified results, then the market resolves to Yes.",KXBRPRESIDENT3-BRPRES26-3-ACUR,https://kalshi.com/markets/kxbrpresident3,"Will the margin of victory for Flávio Bolsonaro in the first round of the 2026 Brazilian presidential election be between 10% and 15%? Flávio Bolsonaro, 10-15%",0.35,N,"Yes / No / Flávio Bolsonaro, 10-15%",politics; Elections,occurrence_datetime=2027-10-04T14:00:00Z; close_time=2027-10-04T14:00:00Z; expected_expiration_time=2027-10-04T14:00:00Z; expiration_time=2027-10-04T14:00:00Z; latest_expiration_time=2027-10-04T14:00:00Z,"If the margin of victory for Flávio Bolsonaro in the first round of the 2026 Brazilian presidential election falls within 10% to 15%, inclusive of its lower bound and exclusive of its upper bound, the",KXBRPRES1MOV-BRPRES26-FBOL-P12,https://kalshi.com/markets/kxbrpres1mov,,unknown,,,,,,,,,,kalshi,phase4-0d-review-v1,"[{""band"":""≥ 0.90"",""pairs"":0,""signals"":0,""sampled"":0},{""band"":""0.70–0.90"",""pairs"":14,""signals"":76,""sampled"":14},{""band"":""0.50–0.70"",""pairs"":30,""signals"":113,""sampled"":16},{""band"":""0.30–0.50"",""pairs"":78,""signals"":159,""sampled"":15},{""band"":""< 0.30"",""pairs"":758,""signals"":2197,""sampled"":15}]",0,0
r043,A,0.50–0.70,0x741bb46008b72234857c5118c8365ab3c2f69dbf28b30b59de04f173b8a778de|No,Will Dan Sullivan win the Alaska Senate race in 2026?,No,politics,70,3,2026-11-03,https://polymarket.com/event/will-dan-sullivan-win-the-alaska-senate-race-in-2026,Will Dan J. Sullivan qualify for the runoff in the 2026 Alaska Senate race?,0.6,N,Yes / No / Dan J. Sullivan,politics; Elections,occurrence_datetime=2026-09-01T17:00:00Z; close_time=2026-08-26T12:16:08Z; expected_expiration_time=2028-08-17T14:00:00Z; expiration_time=2028-08-17T14:00:00Z; latest_expiration_time=2028-08-17T14:00:00Z,"If Dan J. Sullivan advances in the 2026 Alaska Senate race, then the market resolves to Yes.",KXAKSENADVANCE-26AUG18-DJSUL,https://kalshi.com/markets/kxaksenadvance,Will Dan S. Sullivan qualify for the runoff in the 2026 Alaska Senate race?,0.6,N,Yes / No / Dan S. Sullivan,politics; Elections,occurrence_datetime=2026-09-01T17:00:00Z; close_time=2026-08-19T14:08:18Z; expected_expiration_time=2028-08-17T14:00:00Z; expiration_time=2028-08-17T14:00:00Z; latest_expiration_time=2028-08-17T14:00:00Z,"If Dan S. Sullivan advances in the 2026 Alaska Senate race, then the market resolves to Yes.",KXAKSENADVANCE-26AUG18-DSSUL,https://kalshi.com/markets/kxaksenadvance,Will Dan J. Sullivan finish 1st in the 2026 Alaska Senate primary?,0.45454545454545453,N,Yes / No / Dan J. Sullivan,politics; Elections,occurrence_datetime=2026-09-01T15:00:00Z; close_time=2026-09-01T15:08:32Z; expected_expiration_time=2027-08-18T14:00:00Z; expiration_time=2027-08-18T14:00:00Z; latest_expiration_time=2027-08-18T14:00:00Z,"If Dan J. Sullivan finishes in 1st place in the 2026 Alaska Senate primary according to the certified results, then the market resolves to Yes.",KXAKSEN1-KXAKSENADVANCE26AUG18-1-DJSUL,https://kalshi.com/markets/kxaksen1,,unknown,,,,,,,,,,kalshi,phase4-0d-review-v1,"[{""band"":""≥ 0.90"",""pairs"":0,""signals"":0,""sampled"":0},{""band"":""0.70–0.90"",""pairs"":14,""signals"":76,""sampled"":14},{""band"":""0.50–0.70"",""pairs"":30,""signals"":113,""sampled"":16},{""band"":""0.30–0.50"",""pairs"":78,""signals"":159,""sampled"":15},{""band"":""< 0.30"",""pairs"":758,""signals"":2197,""sampled"":15}]",0,0
r044,B,0.30–0.50,0xa4ce45439e0a89589930bf02ab06ac4638cd5a5d1163c751038a379438accc54|No,Will DeepSeek have the best Chinese AI model at the end of September 2026?,No,culture_other,70.1,1,2026-09-30,https://polymarket.com/event/will-deepseek-have-the-best-chinese-ai-model-at-the-end-of-september-2026-20260717140852830,Will Deepseek have a top-ranked AI model before 2027?,0.3076923076923077,N,Yes / No / Deepseek,culture_other; Science and Technology,close_time=2027-01-01T15:00:00Z; expected_expiration_time=2027-01-02T15:00:00Z; expiration_time=2027-01-01T15:00:00Z; latest_expiration_time=2027-01-01T15:00:00Z; settlement_timer_seconds=300,"If Deepseek has a #1 ranked AI model before Jan 1, 2027, then the market resolves to Yes.",KXTOPAI-27-JAN01-DEPP,https://kalshi.com/markets/kxtopai,Which companies will have the top AI model before 2030? DeepSeek,0.2857142857142857,N,Yes / No / DeepSeek,culture_other; Science and Technology,event.strike_date=2030-01-01T04:59:00Z; occurrence_datetime=2030-01-01T04:59:00Z; close_time=2030-01-01T04:58:00Z; expected_expiration_time=2030-01-07T15:00:00Z; expiration_time=2030-01-07T15:00:00Z,"If DeepSeek has the highest-ranked AI model on the applicable index before Jan 1, 2030, then the market resolves to Yes.",KXTOPLLMGENERAL-30JAN01-DSK,https://kalshi.com/markets/kxtopllmgeneral,2026 Grammy nominees for Best New Artist? Model/Actriz,0.21428571428571427,N,Yes / No / Model/Actriz,culture_other; Entertainment,close_time=2027-11-01T15:00:00Z; expected_expiration_time=2027-11-01T15:00:00Z; expiration_time=2027-11-01T15:00:00Z; latest_expiration_time=2027-11-01T15:00:00Z; settlement_timer_seconds=3600,"If Model/Actriz has been nominated for Best New Artist at the 69th Grammy Awards, then the market resolves to Yes.",KXGRAMMYNOMNAOTY-69-MOD,https://kalshi.com/markets/kxgrammynomnaoty,,unknown,,,,,,,,,,kalshi,phase4-0d-review-v1,"[{""band"":""≥ 0.90"",""pairs"":0,""signals"":0,""sampled"":0},{""band"":""0.70–0.90"",""pairs"":14,""signals"":76,""sampled"":14},{""band"":""0.50–0.70"",""pairs"":30,""signals"":113,""sampled"":16},{""band"":""0.30–0.50"",""pairs"":78,""signals"":159,""sampled"":15},{""band"":""< 0.30"",""pairs"":758,""signals"":2197,""sampled"":15}]",0,0
r045,A,0.70–0.90,0xcba20965509d04b5f3ae2c51a221747317aff9387c197ca6d5919e85e5a20ee9|No,Will Renan Santos finish in third place in the first round of the 2026 Brazilian presidential election?,No,politics,70.3,10,2027-07-01,https://polymarket.com/event/will-renan-santos-finish-in-third-place-in-the-first-round-of-the-2026-brazilian-presidential-election,Will Renan Santos finish 2nd in the first round of the 2026 Brazilian presidential election?,0.75,N,Yes / No / Renan Santos,politics; Elections,occurrence_datetime=2026-10-04T14:00:00Z; close_time=2027-10-04T14:00:00Z; expected_expiration_time=2027-01-01T05:00:00Z; expiration_time=2027-10-04T14:00:00Z; latest_expiration_time=2027-10-04T14:00:00Z,"If Renan Santos finishes in 2nd place in the first round of the 2026 Brazilian presidential election according to the certified results, then the market resolves to Yes.",KXBRPRESIDENT2-BRPRES26-2-RSAN,https://kalshi.com/markets/kxbrpresident2,Will Renan Santos finish 3rd in the first round of the 2026 Brazilian presidential election?,0.75,N,Yes / No / Renan Santos,politics; Elections,occurrence_datetime=2026-10-04T14:00:00Z; close_time=2027-10-04T14:00:00Z; expected_expiration_time=2027-01-01T05:00:00Z; expiration_time=2027-10-04T14:00:00Z; latest_expiration_time=2027-10-04T14:00:00Z,"If Renan Santos finishes in 3rd place in the first round of the 2026 Brazilian presidential election according to the certified results, then the market resolves to Yes.",KXBRPRESIDENT3-BRPRES26-3-RSAN,https://kalshi.com/markets/kxbrpresident3,Will the margin of victory for Renan Santos in the first round of the 2026 Brazilian presidential election be above 0%? Renan Santos wins,0.5,N,Yes / No / Renan Santos wins,politics; Elections,occurrence_datetime=2027-10-04T14:00:00Z; close_time=2027-10-04T14:00:00Z; expected_expiration_time=2027-10-04T14:00:00Z; expiration_time=2027-10-04T14:00:00Z; latest_expiration_time=2027-10-04T14:00:00Z,"If the margin of victory for Renan Santos in the first round of the 2026 Brazilian presidential election falls within 0% to 100%, inclusive of its lower bound and exclusive of its upper bound, then th",KXBRPRES1MOV-BRPRES26-RSAN-P50,https://kalshi.com/markets/kxbrpres1mov,,unknown,,,,,,,,,,kalshi,phase4-0d-review-v1,"[{""band"":""≥ 0.90"",""pairs"":0,""signals"":0,""sampled"":0},{""band"":""0.70–0.90"",""pairs"":14,""signals"":76,""sampled"":14},{""band"":""0.50–0.70"",""pairs"":30,""signals"":113,""sampled"":16},{""band"":""0.30–0.50"",""pairs"":78,""signals"":159,""sampled"":15},{""band"":""< 0.30"",""pairs"":758,""signals"":2197,""sampled"":15}]",0,0
r046,B,0.30–0.50,0x1cf218efb6ef7336fd0f60cca5c4b9e7ffcc6263359fa1827b84ef2d96fd982b|No,Will Meta have the best AI model at the end of October 2026?,No,culture_other,70,3,2026-11-01,https://polymarket.com/event/will-meta-have-the-best-ai-model-at-the-end-of-october-2026-20260811194841119,Will Meta have a top-ranked AI model before 2027?,0.3333333333333333,N,Yes / No / Meta,culture_other; Science and Technology,close_time=2027-01-01T15:00:00Z; expected_expiration_time=2027-01-02T15:00:00Z; expiration_time=2027-01-01T15:00:00Z; latest_expiration_time=2027-01-01T15:00:00Z; settlement_timer_seconds=300,"If Meta has a #1 ranked AI model before Jan 1, 2027, then the market resolves to Yes.",KXTOPAI-27-JAN01-META,https://kalshi.com/markets/kxtopai,Which companies will have the top AI model before 2030? Meta,0.3076923076923077,N,Yes / No / Meta,culture_other; Science and Technology,event.strike_date=2030-01-01T04:59:00Z; occurrence_datetime=2030-01-01T04:59:00Z; close_time=2030-01-01T04:58:00Z; expected_expiration_time=2030-01-07T15:00:00Z; expiration_time=2030-01-07T15:00:00Z,"If Meta has the highest-ranked AI model on the applicable index before Jan 1, 2030, then the market resolves to Yes.",KXTOPLLMGENERAL-30JAN01-META,https://kalshi.com/markets/kxtopllmgeneral,2026 Grammy nominees for Best New Artist? Model/Actriz,0.23076923076923078,N,Yes / No / Model/Actriz,culture_other; Entertainment,close_time=2027-11-01T15:00:00Z; expected_expiration_time=2027-11-01T15:00:00Z; expiration_time=2027-11-01T15:00:00Z; latest_expiration_time=2027-11-01T15:00:00Z; settlement_timer_seconds=3600,"If Model/Actriz has been nominated for Best New Artist at the 69th Grammy Awards, then the market resolves to Yes.",KXGRAMMYNOMNAOTY-69-MOD,https://kalshi.com/markets/kxgrammynomnaoty,,unknown,,,,,,,,,,kalshi,phase4-0d-review-v1,"[{""band"":""≥ 0.90"",""pairs"":0,""signals"":0,""sampled"":0},{""band"":""0.70–0.90"",""pairs"":14,""signals"":76,""sampled"":14},{""band"":""0.50–0.70"",""pairs"":30,""signals"":113,""sampled"":16},{""band"":""0.30–0.50"",""pairs"":78,""signals"":159,""sampled"":15},{""band"":""< 0.30"",""pairs"":758,""signals"":2197,""sampled"":15}]",0,0
r047,C,< 0.30,0x7d1b76882fd24ebce8cae3f879edb6cb151acd58e4b3fb8806a8e13626d52282|No,Will the highest temperature in London be 21°C on September 30?,No,culture_other,68.2,1,2026-09-30,https://polymarket.com/event/highest-temperature-in-london-on-september-30-2026-21c,"Klay Thompson's next team before Oct 21, 2026: Los Angeles C",0.11764705882352941,N,Yes / No / Los Angeles C,sports:basketball; Sports,occurrence_datetime=2026-10-21T14:00:00Z; close_time=2026-08-24T22:16:00Z; expected_expiration_time=2026-10-21T14:00:00Z; expiration_time=2026-10-28T14:00:00Z; latest_expiration_time=2026-10-28T14:00:00Z,"If Klay Thompson's next team is the Los Angeles C Pro Basketball team before Oct 21, 2026, then the market resolves to Yes.",KXNBANEXTTEAM-26KTHOMPSON31-LAC,https://kalshi.com/markets/kxnbanextteam,"Peyton Watson's next team before Oct 21, 2026: Los Angeles C",0.11764705882352941,N,Yes / No / Los Angeles C,sports:basketball; Sports,occurrence_datetime=2026-10-21T14:00:00Z; close_time=2026-08-25T17:48:32Z; expected_expiration_time=2026-10-21T14:00:00Z; expiration_time=2026-10-28T14:00:00Z; latest_expiration_time=2026-10-28T14:00:00Z,"If Peyton Watson's next team is the Los Angeles C Pro Basketball team before Oct 21, 2026, then the market resolves to Yes.",KXNBANEXTTEAM-26PWATSON8-LAC,https://kalshi.com/markets/kxnbanextteam,"Russell Westbrook's next team before Oct 21, 2026: Los Angeles C",0.11764705882352941,N,Yes / No / Los Angeles C,sports:basketball; Sports,occurrence_datetime=2026-10-21T14:00:00Z; close_time=2026-08-12T20:44:41Z; expected_expiration_time=2026-10-21T14:00:00Z; expiration_time=2026-10-28T14:00:00Z; latest_expiration_time=2026-10-28T14:00:00Z,"If Russell Westbrook's next team is the Los Angeles C Pro Basketball team before Oct 21, 2026, then the market resolves to Yes.",KXNBANEXTTEAM-26RWESTBROOK18-LAC,https://kalshi.com/markets/kxnbanextteam,,unknown,,,,,,,,,,kalshi,phase4-0d-review-v1,"[{""band"":""≥ 0.90"",""pairs"":0,""signals"":0,""sampled"":0},{""band"":""0.70–0.90"",""pairs"":14,""signals"":76,""sampled"":14},{""band"":""0.50–0.70"",""pairs"":30,""signals"":113,""sampled"":16},{""band"":""0.30–0.50"",""pairs"":78,""signals"":159,""sampled"":15},{""band"":""< 0.30"",""pairs"":758,""signals"":2197,""sampled"":15}]",0,0
r048,B,0.30–0.50,0x8d9b4b04e6c7fd89d09de34ba16a8faba218006bdeeadc2cd707f4916e11a8cb|No,"Will Trump meet with Luiz Inácio Lula da Silva by October 31, 2026?",No,politics,70.4,1,2026-11-01,https://polymarket.com/event/will-trump-meet-with-luiz-inacio-lula-da-silva-by-october-31-2026,Will Luiz Inácio Lula da Silva qualify for the runoff in the 2026 Brazilian presidential election?,0.375,N,Yes / No / Luiz Inácio Lula da Silva,politics; Elections,occurrence_datetime=2026-10-04T14:00:00Z; close_time=2028-10-03T14:00:00Z; expected_expiration_time=2027-01-01T05:00:00Z; expiration_time=2028-10-03T14:00:00Z; latest_expiration_time=2028-10-03T14:00:00Z,"If Luiz Inácio Lula da Silva is announced to qualify for the runoff in the 2026 Brazilian presidential election, then the market resolves to Yes.",KXBRPRESADVANCE-26OCT04-LSIL,https://kalshi.com/markets/kxbrpresadvance,Will Luiz Inácio Lula da Silva finish 2nd in the first round of the 2026 Brazilian presidential election?,0.3333333333333333,N,Yes / No / Luiz Inácio Lula da Silva,politics; Elections,occurrence_datetime=2026-10-04T14:00:00Z; close_time=2027-10-04T14:00:00Z; expected_expiration_time=2027-01-01T05:00:00Z; expiration_time=2027-10-04T14:00:00Z; latest_expiration_time=2027-10-04T14:00:00Z,"If Luiz Inácio Lula da Silva finishes in 2nd place in the first round of the 2026 Brazilian presidential election according to the certified results, then the market resolves to Yes.",KXBRPRESIDENT2-BRPRES26-2-LSIL,https://kalshi.com/markets/kxbrpresident2,Will Luiz Inácio Lula da Silva finish 3rd in the first round of the 2026 Brazilian presidential election?,0.3333333333333333,N,Yes / No / Luiz Inácio Lula da Silva,politics; Elections,occurrence_datetime=2026-10-04T14:00:00Z; close_time=2027-10-04T14:00:00Z; expected_expiration_time=2027-01-01T05:00:00Z; expiration_time=2027-10-04T14:00:00Z; latest_expiration_time=2027-10-04T14:00:00Z,"If Luiz Inácio Lula da Silva finishes in 3rd place in the first round of the 2026 Brazilian presidential election according to the certified results, then the market resolves to Yes.",KXBRPRESIDENT3-BRPRES26-3-LSIL,https://kalshi.com/markets/kxbrpresident3,,unknown,,,,,,,,,,kalshi,phase4-0d-review-v1,"[{""band"":""≥ 0.90"",""pairs"":0,""signals"":0,""sampled"":0},{""band"":""0.70–0.90"",""pairs"":14,""signals"":76,""sampled"":14},{""band"":""0.50–0.70"",""pairs"":30,""signals"":113,""sampled"":16},{""band"":""0.30–0.50"",""pairs"":78,""signals"":159,""sampled"":15},{""band"":""< 0.30"",""pairs"":758,""signals"":2197,""sampled"":15}]",0,0
r049,A,0.70–0.90,0xa34edb6c898232378a9cc08744842df2cd89d278ba45b012bed3ac10c7241c4d|No,Will Lamine Yamal win the 2026 Ballon d'Or?,No,culture_other,68,7,2027-01-01,https://polymarket.com/event/will-lamine-yamal-win-the-2026-ballon-dor,Who will win the Ballon d'Or in 2026? Lamine Yamal,0.8571428571428571,Y,Yes / No / Lamine Yamal,sports:other_sport; Sports,occurrence_datetime=2026-09-10T20:30:00Z; close_time=2026-12-31T04:59:00Z; expected_expiration_time=2027-01-01T15:00:00Z; expiration_time=2027-12-31T15:00:00Z; latest_expiration_time=2027-12-31T15:00:00Z,"If Lamine Yamal wins the Ballon d'Or in 2026, then the market resolves to Yes.",KXBALLONDOR-26-LYAM,https://kalshi.com/markets/kxballondor,Who will win the Ballon d'Or in 2026? Pedri,0.5,N,Yes / No / Pedri,sports:other_sport; Sports,occurrence_datetime=2026-09-10T20:30:00Z; close_time=2026-09-10T20:43:55Z; expected_expiration_time=2027-01-01T15:00:00Z; expiration_time=2027-12-31T15:00:00Z; latest_expiration_time=2027-12-31T15:00:00Z,"If Pedri wins the Ballon d'Or in 2026, then the market resolves to Yes.",KXBALLONDOR-26-PEDR,https://kalshi.com/markets/kxballondor,Who will win the Ballon d'Or in 2026? Raphinha,0.5,N,Yes / No / Raphinha,sports:other_sport; Sports,occurrence_datetime=2026-09-10T20:30:00Z; close_time=2026-09-10T20:43:55Z; expected_expiration_time=2027-01-01T15:00:00Z; expiration_time=2027-12-31T15:00:00Z; latest_expiration_time=2027-12-31T15:00:00Z,"If Raphinha wins the Ballon d'Or in 2026, then the market resolves to Yes.",KXBALLONDOR-26-RAPH,https://kalshi.com/markets/kxballondor,1,unknown,,,,,,,,,,kalshi,phase4-0d-review-v1,"[{""band"":""≥ 0.90"",""pairs"":0,""signals"":0,""sampled"":0},{""band"":""0.70–0.90"",""pairs"":14,""signals"":76,""sampled"":14},{""band"":""0.50–0.70"",""pairs"":30,""signals"":113,""sampled"":16},{""band"":""0.30–0.50"",""pairs"":78,""signals"":159,""sampled"":15},{""band"":""< 0.30"",""pairs"":758,""signals"":2197,""sampled"":15}]",0,0
r050,A,0.70–0.90,0x6114306f724135bd1db2f5f3169386decf18f618653c196ef0a6c1afd27f4c73|Yes,Will Flávio Bolsonaro finish in second place in the first round of the 2026 Brazilian presidential election?,Yes,politics,71.3,15,2026-10-05,https://polymarket.com/event/will-flvio-bolsonaro-finish-in-second-place-in-the-first-round-of-the-2026-brazilian-presidential-election,Will Flávio Bolsonaro finish 2nd in the first round of the 2026 Brazilian presidential election?,0.75,N,Yes / No / Flávio Bolsonaro,politics; Elections,occurrence_datetime=2026-10-04T14:00:00Z; close_time=2027-10-04T14:00:00Z; expected_expiration_time=2027-01-01T05:00:00Z; expiration_time=2027-10-04T14:00:00Z; latest_expiration_time=2027-10-04T14:00:00Z,"If Flávio Bolsonaro finishes in 2nd place in the first round of the 2026 Brazilian presidential election according to the certified results, then the market resolves to Yes.",KXBRPRESIDENT2-BRPRES26-2-FBOL,https://kalshi.com/markets/kxbrpresident2,Will Flávio Bolsonaro finish 3rd in the first round of the 2026 Brazilian presidential election?,0.75,N,Yes / No / Flávio Bolsonaro,politics; Elections,occurrence_datetime=2026-10-04T14:00:00Z; close_time=2027-10-04T14:00:00Z; expected_expiration_time=2027-01-01T05:00:00Z; expiration_time=2027-10-04T14:00:00Z; latest_expiration_time=2027-10-04T14:00:00Z,"If Flávio Bolsonaro finishes in 3rd place in the first round of the 2026 Brazilian presidential election according to the certified results, then the market resolves to Yes.",KXBRPRESIDENT3-BRPRES26-3-FBOL,https://kalshi.com/markets/kxbrpresident3,Will Eduardo Bolsonaro finish 2nd in the first round of the 2026 Brazilian presidential election?,0.6153846153846154,N,Yes / No / Eduardo Bolsonaro,politics; Elections,occurrence_datetime=2026-10-04T14:00:00Z; close_time=2027-10-04T14:00:00Z; expected_expiration_time=2027-01-01T05:00:00Z; expiration_time=2027-10-04T14:00:00Z; latest_expiration_time=2027-10-04T14:00:00Z,"If Eduardo Bolsonaro finishes in 2nd place in the first round of the 2026 Brazilian presidential election according to the certified results, then the market resolves to Yes.",KXBRPRESIDENT2-BRPRES26-2-EBOL,https://kalshi.com/markets/kxbrpresident2,,unknown,,,,,,,,,,kalshi,phase4-0d-review-v1,"[{""band"":""≥ 0.90"",""pairs"":0,""signals"":0,""sampled"":0},{""band"":""0.70–0.90"",""pairs"":14,""signals"":76,""sampled"":14},{""band"":""0.50–0.70"",""pairs"":30,""signals"":113,""sampled"":16},{""band"":""0.30–0.50"",""pairs"":78,""signals"":159,""sampled"":15},{""band"":""< 0.30"",""pairs"":758,""signals"":2197,""sampled"":15}]",0,0
r051,A,0.70–0.90,0xcba20965509d04b5f3ae2c51a221747317aff9387c197ca6d5919e85e5a20ee9|Yes,Will Renan Santos finish in third place in the first round of the 2026 Brazilian presidential election?,Yes,politics,68.6,3,2027-07-01,https://polymarket.com/event/will-renan-santos-finish-in-third-place-in-the-first-round-of-the-2026-brazilian-presidential-election,Will Renan Santos finish 2nd in the first round of the 2026 Brazilian presidential election?,0.75,N,Yes / No / Renan Santos,politics; Elections,occurrence_datetime=2026-10-04T14:00:00Z; close_time=2027-10-04T14:00:00Z; expected_expiration_time=2027-01-01T05:00:00Z; expiration_time=2027-10-04T14:00:00Z; latest_expiration_time=2027-10-04T14:00:00Z,"If Renan Santos finishes in 2nd place in the first round of the 2026 Brazilian presidential election according to the certified results, then the market resolves to Yes.",KXBRPRESIDENT2-BRPRES26-2-RSAN,https://kalshi.com/markets/kxbrpresident2,Will Renan Santos finish 3rd in the first round of the 2026 Brazilian presidential election?,0.75,N,Yes / No / Renan Santos,politics; Elections,occurrence_datetime=2026-10-04T14:00:00Z; close_time=2027-10-04T14:00:00Z; expected_expiration_time=2027-01-01T05:00:00Z; expiration_time=2027-10-04T14:00:00Z; latest_expiration_time=2027-10-04T14:00:00Z,"If Renan Santos finishes in 3rd place in the first round of the 2026 Brazilian presidential election according to the certified results, then the market resolves to Yes.",KXBRPRESIDENT3-BRPRES26-3-RSAN,https://kalshi.com/markets/kxbrpresident3,Will the margin of victory for Renan Santos in the first round of the 2026 Brazilian presidential election be above 0%? Renan Santos wins,0.5,N,Yes / No / Renan Santos wins,politics; Elections,occurrence_datetime=2027-10-04T14:00:00Z; close_time=2027-10-04T14:00:00Z; expected_expiration_time=2027-10-04T14:00:00Z; expiration_time=2027-10-04T14:00:00Z; latest_expiration_time=2027-10-04T14:00:00Z,"If the margin of victory for Renan Santos in the first round of the 2026 Brazilian presidential election falls within 0% to 100%, inclusive of its lower bound and exclusive of its upper bound, then th",KXBRPRES1MOV-BRPRES26-RSAN-P50,https://kalshi.com/markets/kxbrpres1mov,,unknown,,,,,,,,,,kalshi,phase4-0d-review-v1,"[{""band"":""≥ 0.90"",""pairs"":0,""signals"":0,""sampled"":0},{""band"":""0.70–0.90"",""pairs"":14,""signals"":76,""sampled"":14},{""band"":""0.50–0.70"",""pairs"":30,""signals"":113,""sampled"":16},{""band"":""0.30–0.50"",""pairs"":78,""signals"":159,""sampled"":15},{""band"":""< 0.30"",""pairs"":758,""signals"":2197,""sampled"":15}]",0,0
r052,B,0.30–0.50,0x8517bbc43269b51f99b48ed20b49da71ae80fe958e1efc7876effa1f09859adc|No,Will Gemini Argon debut with a Humanity's Last Exam score of 60% or higher?,No,culture_other,70.3,2,2027-07-01,https://polymarket.com/event/will-gemini-argon-debut-with-a-humanitys-last-exam-score-of-60-or-higher,"Will any LLM score at least 60% on Humanity's Last Exam before Dec 31, 2027?",0.3333333333333333,N,Yes / No / At least 60%,culture_other; Science and Technology,event.strike_date=2027-12-31T15:00:00Z; occurrence_datetime=2027-12-31T15:00:00Z; close_time=2027-12-31T15:00:00Z; expected_expiration_time=2027-12-31T15:00:00Z; expiration_time=2027-12-31T15:00:00Z,"If any language model achieves an accuracy of at least 60% on Humanity's Last Exam before Dec 31, 2027, then the market resolves to Yes.",KXLASTEXAM-27DEC31-T60,https://kalshi.com/markets/kxlastexam,"Will any LLM score at least 65% on Humanity's Last Exam before Dec 31, 2027?",0.2631578947368421,N,Yes / No / At least 65%,culture_other; Science and Technology,event.strike_date=2027-12-31T15:00:00Z; occurrence_datetime=2027-12-31T15:00:00Z; close_time=2027-12-31T15:00:00Z; expected_expiration_time=2027-12-31T15:00:00Z; expiration_time=2027-12-31T15:00:00Z,"If any language model achieves an accuracy of at least 65% on Humanity's Last Exam before Dec 31, 2027, then the market resolves to Yes.",KXLASTEXAM-27DEC31-T65,https://kalshi.com/markets/kxlastexam,"Will any LLM score at least 70% on Humanity's Last Exam before Dec 31, 2027?",0.2631578947368421,N,Yes / No / At least 70%,culture_other; Science and Technology,event.strike_date=2027-12-31T15:00:00Z; occurrence_datetime=2027-12-31T15:00:00Z; close_time=2027-12-31T15:00:00Z; expected_expiration_time=2027-12-31T15:00:00Z; expiration_time=2027-12-31T15:00:00Z,"If any language model achieves an accuracy of at least 70% on Humanity's Last Exam before Dec 31, 2027, then the market resolves to Yes.",KXLASTEXAM-27DEC31-T70,https://kalshi.com/markets/kxlastexam,,unknown,,,,,,,,,,kalshi,phase4-0d-review-v1,"[{""band"":""≥ 0.90"",""pairs"":0,""signals"":0,""sampled"":0},{""band"":""0.70–0.90"",""pairs"":14,""signals"":76,""sampled"":14},{""band"":""0.50–0.70"",""pairs"":30,""signals"":113,""sampled"":16},{""band"":""0.30–0.50"",""pairs"":78,""signals"":159,""sampled"":15},{""band"":""< 0.30"",""pairs"":758,""signals"":2197,""sampled"":15}]",0,0
r053,A,0.70–0.90,0xb8c52bdbc6f52cfc31964878cdc824a58fb8beb6eedef96a9ec9608177e70da9|Yes,Will Renan Santos finish in fourth place in the first round of the 2026 Brazilian presidential election?,Yes,politics,68.9,1,2026-10-04,https://polymarket.com/event/will-renan-santos-finish-in-fourth-place-in-the-first-round-of-the-2026-brazilian-presidential-election,Will Renan Santos finish 2nd in the first round of the 2026 Brazilian presidential election?,0.75,N,Yes / No / Renan Santos,politics; Elections,occurrence_datetime=2026-10-04T14:00:00Z; close_time=2027-10-04T14:00:00Z; expected_expiration_time=2027-01-01T05:00:00Z; expiration_time=2027-10-04T14:00:00Z; latest_expiration_time=2027-10-04T14:00:00Z,"If Renan Santos finishes in 2nd place in the first round of the 2026 Brazilian presidential election according to the certified results, then the market resolves to Yes.",KXBRPRESIDENT2-BRPRES26-2-RSAN,https://kalshi.com/markets/kxbrpresident2,Will Renan Santos finish 3rd in the first round of the 2026 Brazilian presidential election?,0.75,N,Yes / No / Renan Santos,politics; Elections,occurrence_datetime=2026-10-04T14:00:00Z; close_time=2027-10-04T14:00:00Z; expected_expiration_time=2027-01-01T05:00:00Z; expiration_time=2027-10-04T14:00:00Z; latest_expiration_time=2027-10-04T14:00:00Z,"If Renan Santos finishes in 3rd place in the first round of the 2026 Brazilian presidential election according to the certified results, then the market resolves to Yes.",KXBRPRESIDENT3-BRPRES26-3-RSAN,https://kalshi.com/markets/kxbrpresident3,Will the margin of victory for Renan Santos in the first round of the 2026 Brazilian presidential election be above 0%? Renan Santos wins,0.5,N,Yes / No / Renan Santos wins,politics; Elections,occurrence_datetime=2027-10-04T14:00:00Z; close_time=2027-10-04T14:00:00Z; expected_expiration_time=2027-10-04T14:00:00Z; expiration_time=2027-10-04T14:00:00Z; latest_expiration_time=2027-10-04T14:00:00Z,"If the margin of victory for Renan Santos in the first round of the 2026 Brazilian presidential election falls within 0% to 100%, inclusive of its lower bound and exclusive of its upper bound, then th",KXBRPRES1MOV-BRPRES26-RSAN-P50,https://kalshi.com/markets/kxbrpres1mov,,unknown,,,,,,,,,,kalshi,phase4-0d-review-v1,"[{""band"":""≥ 0.90"",""pairs"":0,""signals"":0,""sampled"":0},{""band"":""0.70–0.90"",""pairs"":14,""signals"":76,""sampled"":14},{""band"":""0.50–0.70"",""pairs"":30,""signals"":113,""sampled"":16},{""band"":""0.30–0.50"",""pairs"":78,""signals"":159,""sampled"":15},{""band"":""< 0.30"",""pairs"":758,""signals"":2197,""sampled"":15}]",0,0
r054,A,0.50–0.70,0x4e9cff8a3aeac036225fedcc98af9b0d55284b3f430b599e7f61b059c1e177af|No,Will Together win the most seats in the 2026 Israeli legislative election?,No,politics,70,7,2026-10-28,https://polymarket.com/event/will-together-win-the-most-seats-in-the-2026-israeli-legislative-election,Will Likud win above 17 seats in the 2026 Israeli legislative election?,0.5454545454545454,N,Yes / No / Above 17,politics; Elections,occurrence_datetime=2027-10-27T14:00:00Z; close_time=2027-10-27T14:00:00Z; expected_expiration_time=2027-10-27T14:00:00Z; expiration_time=2027-10-27T14:00:00Z; latest_expiration_time=2027-10-27T14:00:00Z,"If Likud has won above 17 seats in the 2026 Israeli legislative election, then the market resolves to Yes.",KXLIKUDCOUNT-26OCT27-A17,https://kalshi.com/markets/kxlikudcount,Will Likud win above 20 seats in the 2026 Israeli legislative election?,0.5454545454545454,N,Yes / No / Above 20,politics; Elections,occurrence_datetime=2027-10-27T14:00:00Z; close_time=2027-10-27T14:00:00Z; expected_expiration_time=2027-10-27T14:00:00Z; expiration_time=2027-10-27T14:00:00Z; latest_expiration_time=2027-10-27T14:00:00Z,"If Likud has won above 20 seats in the 2026 Israeli legislative election, then the market resolves to Yes.",KXLIKUDCOUNT-26OCT27-A20,https://kalshi.com/markets/kxlikudcount,Will Likud win above 23 seats in the 2026 Israeli legislative election?,0.5454545454545454,N,Yes / No / Above 23,politics; Elections,occurrence_datetime=2027-10-27T14:00:00Z; close_time=2027-10-27T14:00:00Z; expected_expiration_time=2027-10-27T14:00:00Z; expiration_time=2027-10-27T14:00:00Z; latest_expiration_time=2027-10-27T14:00:00Z,"If Likud has won above 23 seats in the 2026 Israeli legislative election, then the market resolves to Yes.",KXLIKUDCOUNT-26OCT27-A23,https://kalshi.com/markets/kxlikudcount,,unknown,,,,,,,,,,kalshi,phase4-0d-review-v1,"[{""band"":""≥ 0.90"",""pairs"":0,""signals"":0,""sampled"":0},{""band"":""0.70–0.90"",""pairs"":14,""signals"":76,""sampled"":14},{""band"":""0.50–0.70"",""pairs"":30,""signals"":113,""sampled"":16},{""band"":""0.30–0.50"",""pairs"":78,""signals"":159,""sampled"":15},{""band"":""< 0.30"",""pairs"":758,""signals"":2197,""sampled"":15}]",0,0
r055,A,0.50–0.70,0x4a7d4db2ecdb3a14522d5812f5714e3cdf309dd1fe22aaa26fdb415e50931751|No,Will Flávio Bolsonaro win between 45% and 48% of the valid vote in the first round of the 2026 Brazilian presidential election?,No,politics,68.9,1,2026-10-05,https://polymarket.com/event/brazil-first-round-vote-share-flavio-bolsonaro-45-48,"Will the margin of victory for Flávio Bolsonaro in the first round of the 2026 Brazilian presidential election be between 10% and 15%? Flávio Bolsonaro, 10-15%",0.5,N,"Yes / No / Flávio Bolsonaro, 10-15%",politics; Elections,occurrence_datetime=2027-10-04T14:00:00Z; close_time=2027-10-04T14:00:00Z; expected_expiration_time=2027-10-04T14:00:00Z; expiration_time=2027-10-04T14:00:00Z; latest_expiration_time=2027-10-04T14:00:00Z,"If the margin of victory for Flávio Bolsonaro in the first round of the 2026 Brazilian presidential election falls within 10% to 15%, inclusive of its lower bound and exclusive of its upper bound, the",KXBRPRES1MOV-BRPRES26-FBOL-P12,https://kalshi.com/markets/kxbrpres1mov,"Will the margin of victory for Flávio Bolsonaro in the first round of the 2026 Brazilian presidential election be between 0% and 5%? Flávio Bolsonaro, 0-5%",0.5,N,"Yes / No / Flávio Bolsonaro, 0-5%",politics; Elections,occurrence_datetime=2027-10-04T14:00:00Z; close_time=2027-10-04T14:00:00Z; expected_expiration_time=2027-10-04T14:00:00Z; expiration_time=2027-10-04T14:00:00Z; latest_expiration_time=2027-10-04T14:00:00Z,"If the margin of victory for Flávio Bolsonaro in the first round of the 2026 Brazilian presidential election falls within 0% to 5%, inclusive of its lower bound and exclusive of its upper bound, then",KXBRPRES1MOV-BRPRES26-FBOL-P2,https://kalshi.com/markets/kxbrpres1mov,"Will the margin of victory for Flávio Bolsonaro in the first round of the 2026 Brazilian presidential election be between 5% and 10%? Flávio Bolsonaro, 5-10%",0.5,N,"Yes / No / Flávio Bolsonaro, 5-10%",politics; Elections,occurrence_datetime=2027-10-04T14:00:00Z; close_time=2027-10-04T14:00:00Z; expected_expiration_time=2027-10-04T14:00:00Z; expiration_time=2027-10-04T14:00:00Z; latest_expiration_time=2027-10-04T14:00:00Z,"If the margin of victory for Flávio Bolsonaro in the first round of the 2026 Brazilian presidential election falls within 5% to 10%, inclusive of its lower bound and exclusive of its upper bound, then",KXBRPRES1MOV-BRPRES26-FBOL-P7,https://kalshi.com/markets/kxbrpres1mov,,unknown,,,,,,,,,,kalshi,phase4-0d-review-v1,"[{""band"":""≥ 0.90"",""pairs"":0,""signals"":0,""sampled"":0},{""band"":""0.70–0.90"",""pairs"":14,""signals"":76,""sampled"":14},{""band"":""0.50–0.70"",""pairs"":30,""signals"":113,""sampled"":16},{""band"":""0.30–0.50"",""pairs"":78,""signals"":159,""sampled"":15},{""band"":""< 0.30"",""pairs"":758,""signals"":2197,""sampled"":15}]",0,0
r056,B,0.30–0.50,0x34918035a590555ba1fb1d6a019d766ab6e557d63e7f3140b63b4550eee7f417|No,Will the Democrats win the Texas Senate race in 2026?,No,politics,70,1,2026-11-04,https://polymarket.com/event/will-the-democrats-win-the-texas-senate-race-in-2026,Will Democrats win the Senate race in Pennsylvania? Democratic party,0.4444444444444444,N,Yes / No / Democratic party,politics; Elections,occurrence_datetime=2029-01-03T15:00:00Z; close_time=2029-11-07T15:00:00Z; expected_expiration_time=2029-01-04T15:00:00Z; expiration_time=2029-11-07T15:00:00Z; latest_expiration_time=2029-11-07T15:00:00Z,"If a representative of the Democratic party is sworn in as a Senator of Pennsylvania for the term beginning in 2029, then the market resolves to Yes.",SENATEPA-28-D,https://kalshi.com/markets/senatepa,Will the number of Democrats who win a statewide election in Texas in 2026 be above 0? Yes,0.3076923076923077,N,Yes / No,politics; Elections,close_time=2027-11-02T14:00:00Z; expected_expiration_time=2027-11-02T14:00:00Z; expiration_time=2027-11-02T14:00:00Z; latest_expiration_time=2027-11-02T14:00:00Z; settlement_timer_seconds=1800,"If Democrats win the election for any statewide office in Texas (including U.S. Senate, Governor, Lieutenant Governor, Attorney General, Comptroller of Public Accounts, Commissioner of General Land Of",KXANYDEMWINTEXAS-26NOV03,https://kalshi.com/markets/kxanydemwintexas,Will Carol Hafner qualify for the runoff in the 2026 Alaska Senate race?,0.2727272727272727,N,Yes / No / Carol Hafner,politics; Elections,occurrence_datetime=2026-09-01T17:00:00Z; close_time=2026-09-01T17:00:41Z; expected_expiration_time=2028-08-17T14:00:00Z; expiration_time=2028-08-17T14:00:00Z; latest_expiration_time=2028-08-17T14:00:00Z,"If Carol Hafner advances in the 2026 Alaska Senate race, then the market resolves to Yes.",KXAKSENADVANCE-26AUG18-CHAF,https://kalshi.com/markets/kxaksenadvance,,unknown,,,,,,,,,,kalshi,phase4-0d-review-v1,"[{""band"":""≥ 0.90"",""pairs"":0,""signals"":0,""sampled"":0},{""band"":""0.70–0.90"",""pairs"":14,""signals"":76,""sampled"":14},{""band"":""0.50–0.70"",""pairs"":30,""signals"":113,""sampled"":16},{""band"":""0.30–0.50"",""pairs"":78,""signals"":159,""sampled"":15},{""band"":""< 0.30"",""pairs"":758,""signals"":2197,""sampled"":15}]",0,0
r057,A,0.50–0.70,0xa417a46b0344fe0209ab5f9b3782bcb59cc68f8c0bbd023ea9679e0ecd3ae0a6|No,Will the Democratic Party candidate win the 2026 Vermont gubernatorial election?,No,politics,71.5,2,2026-11-04,https://polymarket.com/event/will-the-democratic-party-candidate-win-the-2026-vermont-gubernatorial-election,Will Social Democratic Party win the 2026 Santa Catarina gubernatorial election?,0.5454545454545454,N,Yes / No / Social Democratic Party,politics; Elections,occurrence_datetime=2026-10-04T14:00:00Z; close_time=2027-10-04T14:00:00Z; expected_expiration_time=2027-01-01T05:00:00Z; expiration_time=2027-10-04T14:00:00Z; latest_expiration_time=2027-10-04T14:00:00Z,"If Social Democratic Party wins the 2026 Santa Catarina gubernatorial election, then the market resolves to Yes.",KXSANTACATARINA-26OCT04-PSD,https://kalshi.com/markets/kxsantacatarina,Will Democratic Party win the 2026 Cook Islands general election?,0.45454545454545453,N,Yes / No / Democratic Party,politics; Elections,occurrence_datetime=2026-08-27T17:00:00Z; close_time=2026-08-27T17:20:52Z; expected_expiration_time=2027-08-12T14:00:00Z; expiration_time=2027-08-12T14:00:00Z; latest_expiration_time=2027-08-12T14:00:00Z,"If Democratic Party wins the 2026 Cook Islands general election, then the market resolves to Yes.",KXCOOKPARLI-26AUG12-DP,https://kalshi.com/markets/kxcookparli,Will the Democratic party win the governorship in Vermont,0.4444444444444444,N,Yes / No / Democratic,politics; Elections,close_time=2029-11-07T15:00:00Z; expected_expiration_time=2029-01-05T15:00:00Z; expiration_time=2029-11-07T15:00:00Z; latest_expiration_time=2029-11-07T15:00:00Z; settlement_timer_seconds=14,"If a representative of the Democratic party is inaugurated as the governor of Vermont pursuant to the 2028 election, then the market resolves to Yes.",GOVPARTYVT-28-D,https://kalshi.com/markets/govpartyvt,,unknown,,,,,,,,,,kalshi,phase4-0d-review-v1,"[{""band"":""≥ 0.90"",""pairs"":0,""signals"":0,""sampled"":0},{""band"":""0.70–0.90"",""pairs"":14,""signals"":76,""sampled"":14},{""band"":""0.50–0.70"",""pairs"":30,""signals"":113,""sampled"":16},{""band"":""0.30–0.50"",""pairs"":78,""signals"":159,""sampled"":15},{""band"":""< 0.30"",""pairs"":758,""signals"":2197,""sampled"":15}]",0,0
r058,A,0.50–0.70,0x4de72138204727d2821bff847d8158819ab5b591db1b5b263676126cbb3a0430|No,Will the Democrats win the South Carolina Senate race in 2026?,No,politics,69.9,3,,https://polymarket.com/event/will-the-democrats-win-the-south-carolina-senate-race-in-2026,Will Democratics win the Senate race in South Carolina? Democratic party,0.5,N,Yes / No / Democratic party,politics; Elections,occurrence_datetime=2029-01-03T15:00:00Z; close_time=2029-11-07T15:00:00Z; expected_expiration_time=2029-01-04T15:00:00Z; expiration_time=2029-11-07T15:00:00Z; latest_expiration_time=2029-11-07T15:00:00Z,"If a representative of the Democratic party is sworn in as a Senator of South Carolina for the term beginning in 2029, then the market resolves to Yes.",SENATESC-28-D,https://kalshi.com/markets/senatesc,Will Republicans win the Senate race in South Carolina? Republican party,0.5,N,Yes / No / Republican party,politics; Elections,occurrence_datetime=2029-01-03T15:00:00Z; close_time=2029-11-07T15:00:00Z; expected_expiration_time=2029-01-04T15:00:00Z; expiration_time=2029-11-07T15:00:00Z; latest_expiration_time=2029-11-07T15:00:00Z,"If a representative of the Republican party is sworn in as a Senator of South Carolina for the term beginning in 2029, then the market resolves to Yes.",SENATESC-28-R,https://kalshi.com/markets/senatesc,"Will the margin of victory for Darline Graham in the 2026 South Carolina Senate special election runoff be at least 3%? Darline Graham, ≥3%",0.25,N,"Yes / No / Darline Graham, ≥3%",politics; Elections,occurrence_datetime=2027-08-25T14:00:00Z; close_time=2026-08-29T00:18:36Z; expected_expiration_time=2027-08-25T14:00:00Z; expiration_time=2027-08-25T14:00:00Z; latest_expiration_time=2027-08-25T14:00:00Z,"If the margin of victory for Darline Graham in the 2026 South Carolina Senate special election runoff falls within 3% to 100%, inclusive of its lower bound and exclusive of its upper bound, then the m",KXPRIMARYMOV-SCRSENS263-DGRA-P51,https://kalshi.com/markets/kxprimarymov,,unknown,,,,,,,,,,kalshi,phase4-0d-review-v1,"[{""band"":""≥ 0.90"",""pairs"":0,""signals"":0,""sampled"":0},{""band"":""0.70–0.90"",""pairs"":14,""signals"":76,""sampled"":14},{""band"":""0.50–0.70"",""pairs"":30,""signals"":113,""sampled"":16},{""band"":""0.30–0.50"",""pairs"":78,""signals"":159,""sampled"":15},{""band"":""< 0.30"",""pairs"":758,""signals"":2197,""sampled"":15}]",0,0
r059,C,< 0.30,0x1090a3fc4df1ed82217fcabdc3232a5e2bc6a7950b53c8e45be507c227971bb0|Yes,Will Independiente Medellín vs. Millonarios FC end in a draw?,Yes,sports:soccer,76.4,1,2026-09-30,https://polymarket.com/event/col1-inm-mif-2026-08-11-draw,Will the price of DDR5 be above $105 at year-end 2027? Above $105.00,0.07142857142857142,N,Yes / No / Above $105.00,culture_other; Financials,event.strike_date=2027-12-31T21:00:00Z; occurrence_datetime=2027-12-31T21:00:00Z; close_time=2027-12-31T21:00:00Z; expected_expiration_time=2027-12-31T21:00:00Z; expiration_time=2028-01-07T21:00:00Z,"If the session average price of DDR5 16Gb (2Gx8) 4800/5600 is above $105 on Dec 31, 2027, then the market resolves to Yes.",KXDRAMAY-27DEC31-105.00,https://kalshi.com/markets/kxdramay,Will the price of DDR5 be above $25 at year-end 2027? Above $25.00,0.07142857142857142,N,Yes / No / Above $25.00,culture_other; Financials,event.strike_date=2027-12-31T21:00:00Z; occurrence_datetime=2027-12-31T21:00:00Z; close_time=2027-12-31T21:00:00Z; expected_expiration_time=2027-12-31T21:00:00Z; expiration_time=2028-01-07T21:00:00Z,"If the session average price of DDR5 16Gb (2Gx8) 4800/5600 is above $25 on Dec 31, 2027, then the market resolves to Yes.",KXDRAMAY-27DEC31-25.00,https://kalshi.com/markets/kxdramay,Will the price of DDR5 be above $35 at year-end 2027? Above $35.00,0.07142857142857142,N,Yes / No / Above $35.00,culture_other; Financials,event.strike_date=2027-12-31T21:00:00Z; occurrence_datetime=2027-12-31T21:00:00Z; close_time=2027-12-31T21:00:00Z; expected_expiration_time=2027-12-31T21:00:00Z; expiration_time=2028-01-07T21:00:00Z,"If the session average price of DDR5 16Gb (2Gx8) 4800/5600 is above $35 on Dec 31, 2027, then the market resolves to Yes.",KXDRAMAY-27DEC31-35.00,https://kalshi.com/markets/kxdramay,,unknown,,,,,,,,,,kalshi,phase4-0d-review-v1,"[{""band"":""≥ 0.90"",""pairs"":0,""signals"":0,""sampled"":0},{""band"":""0.70–0.90"",""pairs"":14,""signals"":76,""sampled"":14},{""band"":""0.50–0.70"",""pairs"":30,""signals"":113,""sampled"":16},{""band"":""0.30–0.50"",""pairs"":78,""signals"":159,""sampled"":15},{""band"":""< 0.30"",""pairs"":758,""signals"":2197,""sampled"":15}]",0,0
r060,A,0.70–0.90,0xb06e2cdf097d9b5385424dcf1a9f42d90bafbe14e49facae61bd64b2c4735c2f|Yes,Will Ronaldo Caiado finish in fourth place in the first round of the 2026 Brazilian presidential election?,Yes,politics,68.9,1,2026-10-04,https://polymarket.com/event/will-ronaldo-caiado-finish-in-fourth-place-in-the-first-round-of-the-2026-brazilian-presidential-election,Will Ronaldo Caiado finish 2nd in the first round of the 2026 Brazilian presidential election?,0.75,N,Yes / No / Ronaldo Caiado,politics; Elections,occurrence_datetime=2026-10-04T14:00:00Z; close_time=2027-10-04T14:00:00Z; expected_expiration_time=2027-01-01T05:00:00Z; expiration_time=2027-10-04T14:00:00Z; latest_expiration_time=2027-10-04T14:00:00Z,"If Ronaldo Caiado finishes in 2nd place in the first round of the 2026 Brazilian presidential election according to the certified results, then the market resolves to Yes.",KXBRPRESIDENT2-BRPRES26-2-RCAI,https://kalshi.com/markets/kxbrpresident2,Will Ronaldo Caiado finish 3rd in the first round of the 2026 Brazilian presidential election?,0.75,N,Yes / No / Ronaldo Caiado,politics; Elections,occurrence_datetime=2026-10-04T14:00:00Z; close_time=2027-10-04T14:00:00Z; expected_expiration_time=2027-01-01T05:00:00Z; expiration_time=2027-10-04T14:00:00Z; latest_expiration_time=2027-10-04T14:00:00Z,"If Ronaldo Caiado finishes in 3rd place in the first round of the 2026 Brazilian presidential election according to the certified results, then the market resolves to Yes.",KXBRPRESIDENT3-BRPRES26-3-RCAI,https://kalshi.com/markets/kxbrpresident3,Will Augusto Cury finish 2nd in the first round of the 2026 Brazilian presidential election?,0.5,N,Yes / No / Augusto Cury,politics; Elections,occurrence_datetime=2026-10-04T14:00:00Z; close_time=2027-10-04T14:00:00Z; expected_expiration_time=2027-01-01T05:00:00Z; expiration_time=2027-10-04T14:00:00Z; latest_expiration_time=2027-10-04T14:00:00Z,"If Augusto Cury finishes in 2nd place in the first round of the 2026 Brazilian presidential election according to the certified results, then the market resolves to Yes.",KXBRPRESIDENT2-BRPRES26-2-ACUR,https://kalshi.com/markets/kxbrpresident2,,unknown,,,,,,,,,,kalshi,phase4-0d-review-v1,"[{""band"":""≥ 0.90"",""pairs"":0,""signals"":0,""sampled"":0},{""band"":""0.70–0.90"",""pairs"":14,""signals"":76,""sampled"":14},{""band"":""0.50–0.70"",""pairs"":30,""signals"":113,""sampled"":16},{""band"":""0.30–0.50"",""pairs"":78,""signals"":159,""sampled"":15},{""band"":""< 0.30"",""pairs"":758,""signals"":2197,""sampled"":15}]",0,0
